field,probe,frequency_khz,psd
number_density,boundary,0.000000,3.68293086e+35
number_density,boundary,10.000000,1.28874652e+37
number_density,boundary,20.000000,1.67299415e+37
number_density,boundary,30.000000,1.50005834e+36
number_density,boundary,40.000000,8.22389431e+35
number_density,boundary,50.000000,5.13305814e+36
number_density,boundary,60.000000,4.40114068e+36
number_density,boundary,70.000000,6.94744396e+36
number_density,boundary,80.000000,5.30643390e+36
number_density,boundary,90.000000,7.95051360e+35
number_density,boundary,100.000000,9.69603116e+35
number_density,boundary,110.000000,2.14372540e+36
number_density,boundary,120.000000,4.43848013e+36
number_density,boundary,130.000000,4.64963878e+35
number_density,boundary,140.000000,8.29441864e+36
number_density,boundary,150.000000,3.43628988e+36
number_density,boundary,160.000000,6.89371746e+36
number_density,boundary,170.000000,8.62723965e+36
number_density,boundary,180.000000,1.75398267e+37
number_density,boundary,190.000000,5.12134081e+37
number_density,boundary,200.000000,1.85064193e+37
number_density,boundary,210.000000,1.85511487e+37
number_density,boundary,220.000000,3.40803990e+37
number_density,boundary,230.000000,3.58832380e+37
number_density,boundary,240.000000,4.49139216e+37
number_density,boundary,250.000000,2.82299925e+37
number_density,boundary,260.000000,5.52155195e+36
number_density,boundary,270.000000,4.57896348e+36
number_density,boundary,280.000000,6.37144310e+36
number_density,boundary,290.000000,1.91914966e+37
number_density,boundary,300.000000,2.81907260e+37
number_density,boundary,310.000000,1.67971284e+37
number_density,boundary,320.000000,1.45908525e+37
number_density,boundary,330.000000,5.12659899e+36
number_density,boundary,340.000000,2.55230194e+35
number_density,boundary,350.000000,1.55006176e+35
number_density,boundary,360.000000,1.55702387e+36
number_density,boundary,370.000000,4.83297251e+36
number_density,boundary,380.000000,1.49105937e+37
number_density,boundary,390.000000,1.32868234e+37
number_density,boundary,400.000000,1.45138844e+34
number_density,boundary,410.000000,2.10864711e+36
number_density,boundary,420.000000,1.11189752e+37
number_density,boundary,430.000000,2.45383894e+37
number_density,boundary,440.000000,2.23884140e+36
number_density,boundary,450.000000,7.41264130e+36
number_density,boundary,460.000000,8.75544478e+36
number_density,boundary,470.000000,5.26321428e+36
number_density,boundary,480.000000,1.40378202e+37
number_density,boundary,490.000000,2.43222445e+36
number_density,boundary,500.000000,1.64191732e+36
number_density,boundary,510.000000,8.99156279e+36
number_density,boundary,520.000000,1.22927088e+37
number_density,boundary,530.000000,3.84082234e+36
number_density,boundary,540.000000,1.19192005e+37
number_density,boundary,550.000000,9.33709029e+36
number_density,boundary,560.000000,1.16849097e+37
number_density,boundary,570.000000,1.04987203e+37
number_density,boundary,580.000000,2.60091279e+36
number_density,boundary,590.000000,9.42228450e+36
number_density,boundary,600.000000,1.81685991e+37
number_density,boundary,610.000000,3.05759424e+37
number_density,boundary,620.000000,1.42464023e+37
number_density,boundary,630.000000,1.53349869e+36
number_density,boundary,640.000000,7.78895787e+36
number_density,boundary,650.000000,1.65590034e+36
number_density,boundary,660.000000,2.25161582e+36
number_density,boundary,670.000000,7.65383263e+36
number_density,boundary,680.000000,4.53364286e+36
number_density,boundary,690.000000,9.98239547e+36
number_density,boundary,700.000000,6.83713678e+36
number_density,boundary,710.000000,7.13050654e+36
number_density,boundary,720.000000,1.04092795e+36
number_density,boundary,730.000000,1.01043346e+36
number_density,boundary,740.000000,7.57687233e+36
number_density,boundary,750.000000,9.87573237e+36
number_density,boundary,760.000000,3.38045468e+35
number_density,boundary,770.000000,3.40494912e+36
number_density,boundary,780.000000,6.72714442e+35
number_density,boundary,790.000000,6.36400821e+34
number_density,boundary,800.000000,1.32504040e+35
number_density,boundary,810.000000,8.39472104e+36
number_density,boundary,820.000000,2.85736626e+37
number_density,boundary,830.000000,1.43414151e+37
number_density,boundary,840.000000,6.87670434e+36
number_density,boundary,850.000000,4.65151451e+36
number_density,boundary,860.000000,1.08334048e+37
number_density,boundary,870.000000,1.65455424e+36
number_density,boundary,880.000000,2.83305649e+36
number_density,boundary,890.000000,1.27305356e+37
number_density,boundary,900.000000,2.28802820e+37
number_density,boundary,910.000000,1.42999550e+37
number_density,boundary,920.000000,3.47705360e+36
number_density,boundary,930.000000,1.87400356e+36
number_density,boundary,940.000000,4.25985314e+36
number_density,boundary,950.000000,2.58905398e+36
number_density,boundary,960.000000,1.01557600e+37
number_density,boundary,970.000000,3.25989682e+37
number_density,boundary,980.000000,2.35016187e+37
number_density,boundary,990.000000,3.59441896e+36
number_density,boundary,1000.000000,5.28754069e+36
number_density,boundary,1010.000000,1.39655228e+37
number_density,boundary,1020.000000,1.12123488e+37
number_density,boundary,1030.000000,1.00148921e+36
number_density,boundary,1040.000000,3.50102731e+36
number_density,boundary,1050.000000,2.07215575e+37
number_density,boundary,1060.000000,5.30602168e+36
number_density,boundary,1070.000000,7.07540840e+35
number_density,boundary,1080.000000,1.35108311e+36
number_density,boundary,1090.000000,1.95974325e+36
number_density,boundary,1100.000000,3.39551302e+36
number_density,boundary,1110.000000,2.24854953e+36
number_density,boundary,1120.000000,1.08324269e+37
number_density,boundary,1130.000000,1.46370629e+37
number_density,boundary,1140.000000,1.39390647e+37
number_density,boundary,1150.000000,2.85493104e+37
number_density,boundary,1160.000000,2.31724916e+37
number_density,boundary,1170.000000,1.12026547e+37
number_density,boundary,1180.000000,3.23021499e+36
number_density,boundary,1190.000000,2.74149186e+36
number_density,boundary,1200.000000,3.81826488e+36
number_density,boundary,1210.000000,6.62212079e+36
number_density,boundary,1220.000000,3.30039712e+36
number_density,boundary,1230.000000,2.42535104e+36
number_density,boundary,1240.000000,3.33611898e+36
number_density,boundary,1250.000000,3.89467591e+36
number_density,boundary,1260.000000,9.35611732e+35
number_density,boundary,1270.000000,5.96041246e+36
number_density,boundary,1280.000000,5.96688594e+36
number_density,boundary,1290.000000,5.41056618e+36
number_density,boundary,1300.000000,7.35105322e+36
number_density,boundary,1310.000000,8.24169617e+35
number_density,boundary,1320.000000,6.83015841e+35
number_density,boundary,1330.000000,4.07595412e+36
number_density,boundary,1340.000000,4.61044609e+36
number_density,boundary,1350.000000,5.09686281e+36
number_density,boundary,1360.000000,4.17777319e+36
number_density,boundary,1370.000000,1.16428281e+33
number_density,boundary,1380.000000,3.89681852e+35
number_density,boundary,1390.000000,1.55159642e+36
number_density,boundary,1400.000000,6.32215779e+36
number_density,boundary,1410.000000,6.50365077e+36
number_density,boundary,1420.000000,3.48690225e+36
number_density,boundary,1430.000000,3.32890534e+36
number_density,boundary,1440.000000,5.87013059e+36
number_density,boundary,1450.000000,9.03674082e+36
number_density,boundary,1460.000000,6.14210212e+36
number_density,boundary,1470.000000,2.91174969e+36
number_density,boundary,1480.000000,1.43352302e+36
number_density,boundary,1490.000000,7.26929687e+36
number_density,boundary,1500.000000,1.39964675e+37
number_density,boundary,1510.000000,3.60048005e+36
number_density,boundary,1520.000000,1.17142313e+35
number_density,boundary,1530.000000,1.19740385e+36
number_density,boundary,1540.000000,3.52661856e+36
number_density,boundary,1550.000000,4.26342622e+36
number_density,boundary,1560.000000,1.13215257e+37
number_density,boundary,1570.000000,1.14580404e+37
number_density,boundary,1580.000000,6.70904977e+35
number_density,boundary,1590.000000,1.16263272e+36
number_density,boundary,1600.000000,7.45914949e+35
number_density,boundary,1610.000000,9.15071632e+35
number_density,boundary,1620.000000,3.38016433e+35
number_density,boundary,1630.000000,1.56401899e+36
number_density,boundary,1640.000000,5.70868650e+36
number_density,boundary,1650.000000,1.63723009e+36
number_density,boundary,1660.000000,1.81593261e+36
number_density,boundary,1670.000000,1.62974558e+36
number_density,boundary,1680.000000,4.17946618e+36
number_density,boundary,1690.000000,6.98502897e+36
number_density,boundary,1700.000000,2.60429704e+36
number_density,boundary,1710.000000,2.97913790e+36
number_density,boundary,1720.000000,8.44339639e+36
number_density,boundary,1730.000000,1.10371533e+37
number_density,boundary,1740.000000,5.65499936e+36
number_density,boundary,1750.000000,1.96363815e+36
number_density,boundary,1760.000000,2.07318464e+36
number_density,boundary,1770.000000,9.51156235e+35
number_density,boundary,1780.000000,3.00740200e+36
number_density,boundary,1790.000000,6.93516349e+36
number_density,boundary,1800.000000,1.01505187e+37
number_density,boundary,1810.000000,5.49064128e+36
number_density,boundary,1820.000000,6.12065861e+33
number_density,boundary,1830.000000,2.35217361e+36
number_density,boundary,1840.000000,2.35612539e+36
number_density,boundary,1850.000000,1.94936169e+36
number_density,boundary,1860.000000,4.28687673e+36
number_density,boundary,1870.000000,1.53990572e+35
number_density,boundary,1880.000000,3.34352087e+36
number_density,boundary,1890.000000,1.70667421e+36
number_density,boundary,1900.000000,4.51269091e+36
number_density,boundary,1910.000000,3.53145271e+36
number_density,boundary,1920.000000,5.56161394e+35
number_density,boundary,1930.000000,8.58126323e+35
number_density,boundary,1940.000000,2.01804882e+36
number_density,boundary,1950.000000,4.43586322e+35
number_density,boundary,1960.000000,4.57531759e+36
number_density,boundary,1970.000000,3.88096488e+36
number_density,boundary,1980.000000,1.75079885e+36
number_density,boundary,1990.000000,1.42232426e+37
number_density,boundary,2000.000000,1.83632669e+37
number_density,boundary,2010.000000,2.40453622e+36
number_density,boundary,2020.000000,6.97964249e+35
number_density,boundary,2030.000000,5.76202802e+36
number_density,boundary,2040.000000,6.15203788e+36
number_density,boundary,2050.000000,1.27896444e+36
number_density,boundary,2060.000000,7.92120407e+36
number_density,boundary,2070.000000,4.88691747e+36
number_density,boundary,2080.000000,2.07725052e+36
number_density,boundary,2090.000000,1.31355740e+36
number_density,boundary,2100.000000,1.57143728e+36
number_density,boundary,2110.000000,8.57490936e+35
number_density,boundary,2120.000000,2.78279080e+36
number_density,boundary,2130.000000,4.15173452e+36
number_density,boundary,2140.000000,1.66900106e+36
number_density,boundary,2150.000000,7.69981232e+35
number_density,boundary,2160.000000,1.40827326e+35
number_density,boundary,2170.000000,2.98254202e+35
number_density,boundary,2180.000000,1.47509728e+36
number_density,boundary,2190.000000,2.00314986e+36
number_density,boundary,2200.000000,1.26328548e+36
number_density,boundary,2210.000000,2.98386267e+36
number_density,boundary,2220.000000,5.72184524e+36
number_density,boundary,2230.000000,4.32714480e+36
number_density,boundary,2240.000000,2.47019046e+35
number_density,boundary,2250.000000,5.06242224e+34
number_density,boundary,2260.000000,5.38721212e+36
number_density,boundary,2270.000000,2.99508291e+36
number_density,boundary,2280.000000,8.81282121e+35
number_density,boundary,2290.000000,1.26318907e+36
number_density,boundary,2300.000000,6.06644564e+35
number_density,boundary,2310.000000,1.71132224e+36
number_density,boundary,2320.000000,4.40461999e+36
number_density,boundary,2330.000000,2.86465437e+36
number_density,boundary,2340.000000,8.66195988e+35
number_density,boundary,2350.000000,4.19819388e+36
number_density,boundary,2360.000000,8.02224898e+36
number_density,boundary,2370.000000,5.44209086e+36
number_density,boundary,2380.000000,2.86163563e+36
number_density,boundary,2390.000000,4.12058356e+35
number_density,boundary,2400.000000,6.69341199e+35
number_density,boundary,2410.000000,5.51649848e+36
number_density,boundary,2420.000000,1.15727533e+37
number_density,boundary,2430.000000,3.36396001e+36
number_density,boundary,2440.000000,3.06749732e+34
number_density,boundary,2450.000000,1.79114333e+35
number_density,boundary,2460.000000,2.06514368e+36
number_density,boundary,2470.000000,3.27816197e+36
number_density,boundary,2480.000000,9.05537799e+35
number_density,boundary,2490.000000,4.51012269e+36
number_density,boundary,2500.000000,5.84399202e+36
number_density,boundary,2510.000000,1.04416160e+36
number_density,boundary,2520.000000,7.29438476e+35
number_density,boundary,2530.000000,2.23955721e+36
number_density,boundary,2540.000000,1.91960268e+36
number_density,boundary,2550.000000,7.62760201e+36
number_density,boundary,2560.000000,2.47626979e+36
number_density,boundary,2570.000000,2.06339946e+36
number_density,boundary,2580.000000,5.27635017e+35
number_density,boundary,2590.000000,2.52308492e+36
number_density,boundary,2600.000000,1.48054748e+36
number_density,boundary,2610.000000,3.82184920e+36
number_density,boundary,2620.000000,4.57128625e+36
number_density,boundary,2630.000000,3.19977361e+36
number_density,boundary,2640.000000,4.39271941e+35
number_density,boundary,2650.000000,5.98599582e+36
number_density,boundary,2660.000000,1.54327457e+37
number_density,boundary,2670.000000,5.62415177e+36
number_density,boundary,2680.000000,3.77389637e+35
number_density,boundary,2690.000000,6.47671786e+36
number_density,boundary,2700.000000,7.22430505e+36
number_density,boundary,2710.000000,2.85928654e+36
number_density,boundary,2720.000000,5.36128657e+36
number_density,boundary,2730.000000,2.99664009e+36
number_density,boundary,2740.000000,7.01255459e+36
number_density,boundary,2750.000000,1.46511884e+37
number_density,boundary,2760.000000,4.52488524e+36
number_density,boundary,2770.000000,5.15888503e+35
number_density,boundary,2780.000000,9.62501325e+35
number_density,boundary,2790.000000,1.57561125e+36
number_density,boundary,2800.000000,8.77970411e+35
number_density,boundary,2810.000000,2.04395826e+36
number_density,boundary,2820.000000,3.34807043e+36
number_density,boundary,2830.000000,8.77163398e+35
number_density,boundary,2840.000000,1.16165483e+35
number_density,boundary,2850.000000,1.14817351e+36
number_density,boundary,2860.000000,3.03931062e+36
number_density,boundary,2870.000000,2.15685318e+36
number_density,boundary,2880.000000,5.45891097e+36
number_density,boundary,2890.000000,4.66427748e+36
number_density,boundary,2900.000000,3.26078331e+35
number_density,boundary,2910.000000,3.89340009e+35
number_density,boundary,2920.000000,3.56422470e+36
number_density,boundary,2930.000000,5.87352259e+36
number_density,boundary,2940.000000,1.58803708e+36
number_density,boundary,2950.000000,1.18803519e+36
number_density,boundary,2960.000000,6.50548375e+35
number_density,boundary,2970.000000,1.53244308e+36
number_density,boundary,2980.000000,3.27091452e+36
number_density,boundary,2990.000000,8.09655557e+36
number_density,boundary,3000.000000,5.78624738e+36
number_density,boundary,3010.000000,2.13798377e+36
number_density,boundary,3020.000000,3.19550181e+36
number_density,boundary,3030.000000,1.65731762e+36
number_density,boundary,3040.000000,2.15818977e+36
number_density,boundary,3050.000000,2.31827578e+36
number_density,boundary,3060.000000,2.30805281e+36
number_density,boundary,3070.000000,1.72270195e+36
number_density,boundary,3080.000000,1.94329924e+35
number_density,boundary,3090.000000,3.20121559e+36
number_density,boundary,3100.000000,3.17081297e+36
number_density,boundary,3110.000000,4.78348806e+36
number_density,boundary,3120.000000,6.10366403e+36
number_density,boundary,3130.000000,3.12757806e+35
number_density,boundary,3140.000000,1.06895870e+37
number_density,boundary,3150.000000,5.49153963e+36
number_density,boundary,3160.000000,9.27006196e+35
number_density,boundary,3170.000000,3.31963115e+35
number_density,boundary,3180.000000,2.40496112e+36
number_density,boundary,3190.000000,3.27476351e+36
number_density,boundary,3200.000000,3.02034567e+35
number_density,boundary,3210.000000,8.01570679e+35
number_density,boundary,3220.000000,2.63244412e+35
number_density,boundary,3230.000000,3.83490015e+36
number_density,boundary,3240.000000,8.90536668e+36
number_density,boundary,3250.000000,5.33620709e+36
number_density,boundary,3260.000000,1.55502887e+36
number_density,boundary,3270.000000,8.99333473e+35
number_density,boundary,3280.000000,3.41320418e+36
number_density,boundary,3290.000000,6.86348184e+36
number_density,boundary,3300.000000,3.85299870e+36
number_density,boundary,3310.000000,2.15541974e+36
number_density,boundary,3320.000000,2.72224992e+36
number_density,boundary,3330.000000,2.97952164e+36
number_density,boundary,3340.000000,3.44334412e+36
number_density,boundary,3350.000000,7.91441153e+36
number_density,boundary,3360.000000,8.64669941e+36
number_density,boundary,3370.000000,1.72069827e+36
number_density,boundary,3380.000000,2.27817944e+36
number_density,boundary,3390.000000,8.92893078e+34
number_density,boundary,3400.000000,4.16084957e+36
number_density,boundary,3410.000000,1.99003052e+36
number_density,boundary,3420.000000,6.41975377e+35
number_density,boundary,3430.000000,5.50295660e+36
number_density,boundary,3440.000000,6.46025024e+34
number_density,boundary,3450.000000,3.83048896e+36
number_density,boundary,3460.000000,6.93064858e+35
number_density,boundary,3470.000000,5.80445439e+35
number_density,boundary,3480.000000,4.16033085e+34
number_density,boundary,3490.000000,1.01543267e+35
number_density,boundary,3500.000000,1.77654717e+35
number_density,boundary,3510.000000,2.16167800e+35
number_density,boundary,3520.000000,7.47735221e+35
number_density,boundary,3530.000000,5.63063311e+36
number_density,boundary,3540.000000,5.43492836e+36
number_density,boundary,3550.000000,4.74488096e+36
number_density,boundary,3560.000000,6.08803057e+36
number_density,boundary,3570.000000,1.66055066e+36
number_density,boundary,3580.000000,5.22658264e+36
number_density,boundary,3590.000000,3.69794962e+36
number_density,boundary,3600.000000,1.90942172e+36
number_density,boundary,3610.000000,2.39439768e+35
number_density,boundary,3620.000000,3.89994457e+36
number_density,boundary,3630.000000,7.01744143e+36
number_density,boundary,3640.000000,5.65081101e+36
number_density,boundary,3650.000000,2.84285266e+36
number_density,boundary,3660.000000,6.37001261e+36
number_density,boundary,3670.000000,8.04142851e+36
number_density,boundary,3680.000000,1.65174958e+36
number_density,boundary,3690.000000,3.97895286e+35
number_density,boundary,3700.000000,4.92307495e+36
number_density,boundary,3710.000000,6.99718409e+36
number_density,boundary,3720.000000,3.21018184e+36
number_density,boundary,3730.000000,3.33679636e+35
number_density,boundary,3740.000000,3.58951933e+36
number_density,boundary,3750.000000,2.87280020e+36
number_density,boundary,3760.000000,1.02537084e+37
number_density,boundary,3770.000000,1.68673794e+37
number_density,boundary,3780.000000,4.91592111e+36
number_density,boundary,3790.000000,2.04962951e+36
number_density,boundary,3800.000000,3.86765248e+36
number_density,boundary,3810.000000,1.78852595e+36
number_density,boundary,3820.000000,1.42438469e+36
number_density,boundary,3830.000000,4.29659127e+36
number_density,boundary,3840.000000,7.30930696e+36
number_density,boundary,3850.000000,2.49084610e+36
number_density,boundary,3860.000000,5.05329227e+36
number_density,boundary,3870.000000,5.72314031e+36
number_density,boundary,3880.000000,5.30727184e+36
number_density,boundary,3890.000000,3.89240580e+36
number_density,boundary,3900.000000,3.34452525e+36
number_density,boundary,3910.000000,2.41449039e+36
number_density,boundary,3920.000000,4.84200862e+36
number_density,boundary,3930.000000,3.08728415e+36
number_density,boundary,3940.000000,2.78804327e+36
number_density,boundary,3950.000000,1.32410797e+37
number_density,boundary,3960.000000,1.01132878e+37
number_density,boundary,3970.000000,4.54238161e+36
number_density,boundary,3980.000000,1.18394644e+36
number_density,boundary,3990.000000,1.68235343e+36
number_density,boundary,4000.000000,8.22741764e+36
number_density,boundary,4010.000000,5.41182995e+36
number_density,boundary,4020.000000,6.32968186e+35
number_density,boundary,4030.000000,3.47055974e+35
number_density,boundary,4040.000000,8.16938320e+35
number_density,boundary,4050.000000,9.07868718e+35
number_density,boundary,4060.000000,4.11148120e+35
number_density,boundary,4070.000000,1.59007951e+36
number_density,boundary,4080.000000,8.22615147e+35
number_density,boundary,4090.000000,5.09534188e+36
number_density,boundary,4100.000000,4.43930177e+36
number_density,boundary,4110.000000,5.85817957e+35
number_density,boundary,4120.000000,9.29410457e+35
number_density,boundary,4130.000000,1.64305530e+36
number_density,boundary,4140.000000,4.13045572e+35
number_density,boundary,4150.000000,7.54909143e+35
number_density,boundary,4160.000000,3.12756971e+36
number_density,boundary,4170.000000,7.87668015e+35
number_density,boundary,4180.000000,9.02515104e+35
number_density,boundary,4190.000000,3.32234958e+36
number_density,boundary,4200.000000,4.15481172e+36
number_density,boundary,4210.000000,5.16389926e+36
number_density,boundary,4220.000000,2.97204031e+36
number_density,boundary,4230.000000,1.85733531e+36
number_density,boundary,4240.000000,1.87484747e+36
number_density,boundary,4250.000000,2.21636063e+36
number_density,boundary,4260.000000,4.06376336e+36
number_density,boundary,4270.000000,1.32294914e+36
number_density,boundary,4280.000000,3.56960330e+35
number_density,boundary,4290.000000,4.88234591e+35
number_density,boundary,4300.000000,1.11806048e+35
number_density,boundary,4310.000000,2.44496769e+34
number_density,boundary,4320.000000,4.80046855e+35
number_density,boundary,4330.000000,7.03162665e+35
number_density,boundary,4340.000000,1.16579820e+36
number_density,boundary,4350.000000,1.42287663e+36
number_density,boundary,4360.000000,2.94373734e+36
number_density,boundary,4370.000000,1.95450371e+36
number_density,boundary,4380.000000,1.15103078e+36
number_density,boundary,4390.000000,4.10882922e+35
number_density,boundary,4400.000000,1.87716466e+36
number_density,boundary,4410.000000,6.70617830e+36
number_density,boundary,4420.000000,3.95155503e+36
number_density,boundary,4430.000000,2.37094113e+36
number_density,boundary,4440.000000,2.84229734e+36
number_density,boundary,4450.000000,2.18482912e+36
number_density,boundary,4460.000000,2.66094238e+36
number_density,boundary,4470.000000,1.80793475e+36
number_density,boundary,4480.000000,2.41002909e+36
number_density,boundary,4490.000000,2.79239981e+36
number_density,boundary,4500.000000,2.16692704e+36
number_density,boundary,4510.000000,6.92967370e+36
number_density,boundary,4520.000000,1.25967094e+36
number_density,boundary,4530.000000,1.08122222e+36
number_density,boundary,4540.000000,5.49543460e+36
number_density,boundary,4550.000000,8.63632873e+36
number_density,boundary,4560.000000,2.75035632e+36
number_density,boundary,4570.000000,9.43028955e+35
number_density,boundary,4580.000000,4.10180106e+36
number_density,boundary,4590.000000,4.98673003e+35
number_density,boundary,4600.000000,7.21408118e+34
number_density,boundary,4610.000000,3.20077594e+36
number_density,boundary,4620.000000,2.26648246e+36
number_density,boundary,4630.000000,1.47069579e+36
number_density,boundary,4640.000000,2.18463358e+35
number_density,boundary,4650.000000,2.08254367e+35
number_density,boundary,4660.000000,6.63190719e+35
number_density,boundary,4670.000000,1.15499655e+36
number_density,boundary,4680.000000,2.31590417e+36
number_density,boundary,4690.000000,6.13874581e+35
number_density,boundary,4700.000000,3.44295881e+36
number_density,boundary,4710.000000,6.54455196e+36
number_density,boundary,4720.000000,3.42045982e+36
number_density,boundary,4730.000000,3.66129592e+36
number_density,boundary,4740.000000,9.42771399e+35
number_density,boundary,4750.000000,1.20084623e+35
number_density,boundary,4760.000000,1.64595943e+35
number_density,boundary,4770.000000,2.51034881e+35
number_density,boundary,4780.000000,6.09921021e+35
number_density,boundary,4790.000000,1.40806422e+36
number_density,boundary,4800.000000,9.15238802e+35
number_density,boundary,4810.000000,1.44081474e+36
number_density,boundary,4820.000000,1.43098002e+36
number_density,boundary,4830.000000,5.87988286e+35
number_density,boundary,4840.000000,2.02435156e+34
number_density,boundary,4850.000000,1.59778999e+36
number_density,boundary,4860.000000,8.25764468e+35
number_density,boundary,4870.000000,2.85808110e+35
number_density,boundary,4880.000000,7.43562119e+35
number_density,boundary,4890.000000,3.36010997e+36
number_density,boundary,4900.000000,1.76605209e+36
number_density,boundary,4910.000000,4.24370285e+35
number_density,boundary,4920.000000,2.84819704e+36
number_density,boundary,4930.000000,4.01178082e+36
number_density,boundary,4940.000000,1.37405454e+35
number_density,boundary,4950.000000,1.01024377e+36
number_density,boundary,4960.000000,2.10531599e+36
number_density,boundary,4970.000000,2.83030342e+35
number_density,boundary,4980.000000,1.34522786e+36
number_density,boundary,4990.000000,1.60223445e+36
number_density,boundary,5000.000000,8.91641077e+34
number_density,freestream,0.000000,1.54047992e+37
number_density,freestream,10.000000,4.05843306e+37
number_density,freestream,20.000000,1.68731695e+37
number_density,freestream,30.000000,5.96095447e+36
number_density,freestream,40.000000,2.69390646e+37
number_density,freestream,50.000000,4.43976427e+37
number_density,freestream,60.000000,5.37373040e+37
number_density,freestream,70.000000,1.03321883e+38
number_density,freestream,80.000000,9.15899879e+37
number_density,freestream,90.000000,2.00223347e+37
number_density,freestream,100.000000,6.03581867e+37
number_density,freestream,110.000000,3.95013713e+37
number_density,freestream,120.000000,3.97368493e+36
number_density,freestream,130.000000,7.25571258e+36
number_density,freestream,140.000000,1.32410344e+37
number_density,freestream,150.000000,4.19273393e+36
number_density,freestream,160.000000,4.09667869e+37
number_density,freestream,170.000000,5.62922401e+37
number_density,freestream,180.000000,1.49991408e+37
number_density,freestream,190.000000,6.43852633e+36
number_density,freestream,200.000000,1.81385135e+37
number_density,freestream,210.000000,2.21488005e+37
number_density,freestream,220.000000,3.02794617e+37
number_density,freestream,230.000000,5.30425650e+37
number_density,freestream,240.000000,3.81036971e+37
number_density,freestream,250.000000,6.85098861e+36
number_density,freestream,260.000000,2.21577957e+37
number_density,freestream,270.000000,1.20709875e+37
number_density,freestream,280.000000,9.66942329e+36
number_density,freestream,290.000000,2.68165977e+37
number_density,freestream,300.000000,9.87692669e+36
number_density,freestream,310.000000,1.87927226e+37
number_density,freestream,320.000000,9.61791394e+35
number_density,freestream,330.000000,1.99073003e+36
number_density,freestream,340.000000,2.74868173e+37
number_density,freestream,350.000000,3.16441841e+37
number_density,freestream,360.000000,2.96104916e+36
number_density,freestream,370.000000,5.54202379e+36
number_density,freestream,380.000000,1.91288580e+37
number_density,freestream,390.000000,5.08088156e+36
number_density,freestream,400.000000,3.81452159e+37
number_density,freestream,410.000000,1.03108191e+38
number_density,freestream,420.000000,2.95645751e+37
number_density,freestream,430.000000,2.11742513e+36
number_density,freestream,440.000000,1.64194850e+37
number_density,freestream,450.000000,4.30524673e+37
number_density,freestream,460.000000,4.94311051e+36
number_density,freestream,470.000000,4.34215341e+37
number_density,freestream,480.000000,3.91773477e+37
number_density,freestream,490.000000,6.20621859e+37
number_density,freestream,500.000000,1.02394048e+38
number_density,freestream,510.000000,3.82433276e+37
number_density,freestream,520.000000,2.08780956e+37
number_density,freestream,530.000000,1.04062172e+38
number_density,freestream,540.000000,9.33365833e+37
number_density,freestream,550.000000,2.61085292e+36
number_density,freestream,560.000000,1.94167636e+37
number_density,freestream,570.000000,1.17019040e+37
number_density,freestream,580.000000,3.50086221e+36
number_density,freestream,590.000000,4.56842264e+37
number_density,freestream,600.000000,6.64200220e+37
number_density,freestream,610.000000,1.51422479e+36
number_density,freestream,620.000000,1.94446865e+37
number_density,freestream,630.000000,8.19456815e+36
number_density,freestream,640.000000,1.54767772e+37
number_density,freestream,650.000000,1.73539973e+35
number_density,freestream,660.000000,5.06999063e+36
number_density,freestream,670.000000,1.35276772e+36
number_density,freestream,680.000000,1.40593729e+37
number_density,freestream,690.000000,8.61118801e+36
number_density,freestream,700.000000,2.77279946e+36
number_density,freestream,710.000000,1.11724139e+37
number_density,freestream,720.000000,1.98953754e+37
number_density,freestream,730.000000,3.67004030e+37
number_density,freestream,740.000000,7.18096611e+37
number_density,freestream,750.000000,2.73907980e+37
number_density,freestream,760.000000,7.20991621e+36
number_density,freestream,770.000000,1.60519909e+37
number_density,freestream,780.000000,2.76451205e+37
number_density,freestream,790.000000,5.65248903e+36
number_density,freestream,800.000000,3.21769705e+37
number_density,freestream,810.000000,5.95563973e+37
number_density,freestream,820.000000,2.43427375e+37
number_density,freestream,830.000000,6.58777705e+36
number_density,freestream,840.000000,5.04559146e+37
number_density,freestream,850.000000,4.93894091e+37
number_density,freestream,860.000000,1.46706630e+37
number_density,freestream,870.000000,5.97964830e+36
number_density,freestream,880.000000,8.36232906e+36
number_density,freestream,890.000000,7.53780193e+35
number_density,freestream,900.000000,6.01995468e+36
number_density,freestream,910.000000,1.08935135e+37
number_density,freestream,920.000000,1.68967032e+37
number_density,freestream,930.000000,8.04929664e+35
number_density,freestream,940.000000,2.12692168e+36
number_density,freestream,950.000000,7.06783890e+36
number_density,freestream,960.000000,3.78876261e+36
number_density,freestream,970.000000,3.89824932e+37
number_density,freestream,980.000000,1.15570914e+38
number_density,freestream,990.000000,1.35138148e+37
number_density,freestream,1000.000000,1.89099574e+37
number_density,freestream,1010.000000,1.54170226e+37
number_density,freestream,1020.000000,5.49304471e+36
number_density,freestream,1030.000000,1.54181153e+37
number_density,freestream,1040.000000,3.87025717e+36
number_density,freestream,1050.000000,1.19880076e+37
number_density,freestream,1060.000000,7.13223610e+36
number_density,freestream,1070.000000,2.44060030e+36
number_density,freestream,1080.000000,9.62711918e+36
number_density,freestream,1090.000000,3.77878153e+36
number_density,freestream,1100.000000,8.35075180e+36
number_density,freestream,1110.000000,1.25781954e+37
number_density,freestream,1120.000000,6.10167202e+37
number_density,freestream,1130.000000,5.35750832e+37
number_density,freestream,1140.000000,2.53486407e+37
number_density,freestream,1150.000000,1.44547002e+37
number_density,freestream,1160.000000,8.07324881e+36
number_density,freestream,1170.000000,1.16509761e+37
number_density,freestream,1180.000000,8.64156788e+36
number_density,freestream,1190.000000,4.32770075e+36
number_density,freestream,1200.000000,8.78388545e+36
number_density,freestream,1210.000000,2.18941019e+37
number_density,freestream,1220.000000,3.83913209e+37
number_density,freestream,1230.000000,5.85450153e+37
number_density,freestream,1240.000000,3.01174574e+37
number_density,freestream,1250.000000,1.96850140e+37
number_density,freestream,1260.000000,4.92311805e+37
number_density,freestream,1270.000000,7.38396395e+36
number_density,freestream,1280.000000,2.51214205e+37
number_density,freestream,1290.000000,6.45567619e+37
number_density,freestream,1300.000000,4.55221190e+37
number_density,freestream,1310.000000,4.02396977e+37
number_density,freestream,1320.000000,3.37198130e+37
number_density,freestream,1330.000000,1.21320427e+37
number_density,freestream,1340.000000,6.98942104e+36
number_density,freestream,1350.000000,2.12253075e+36
number_density,freestream,1360.000000,1.03714646e+37
number_density,freestream,1370.000000,5.17210565e+37
number_density,freestream,1380.000000,6.26615858e+37
number_density,freestream,1390.000000,5.96514551e+37
number_density,freestream,1400.000000,1.67366264e+37
number_density,freestream,1410.000000,1.15042871e+37
number_density,freestream,1420.000000,2.57816111e+37
number_density,freestream,1430.000000,2.63074903e+36
number_density,freestream,1440.000000,2.41317398e+37
number_density,freestream,1450.000000,4.02935873e+37
number_density,freestream,1460.000000,9.55820209e+37
number_density,freestream,1470.000000,7.67628139e+37
number_density,freestream,1480.000000,1.95318760e+37
number_density,freestream,1490.000000,1.30103608e+37
number_density,freestream,1500.000000,3.87064890e+37
number_density,freestream,1510.000000,3.96528767e+36
number_density,freestream,1520.000000,1.23067750e+36
number_density,freestream,1530.000000,1.75084229e+37
number_density,freestream,1540.000000,1.83986036e+37
number_density,freestream,1550.000000,2.94367344e+36
number_density,freestream,1560.000000,1.38048169e+35
number_density,freestream,1570.000000,1.22349573e+37
number_density,freestream,1580.000000,3.34652758e+37
number_density,freestream,1590.000000,6.27324657e+36
number_density,freestream,1600.000000,8.03085178e+36
number_density,freestream,1610.000000,1.69082548e+36
number_density,freestream,1620.000000,5.40191358e+36
number_density,freestream,1630.000000,1.21649839e+37
number_density,freestream,1640.000000,7.80811279e+36
number_density,freestream,1650.000000,1.74514812e+36
number_density,freestream,1660.000000,1.10074634e+37
number_density,freestream,1670.000000,1.17992014e+37
number_density,freestream,1680.000000,1.16023387e+37
number_density,freestream,1690.000000,7.82052226e+36
number_density,freestream,1700.000000,2.25906225e+37
number_density,freestream,1710.000000,5.97148144e+36
number_density,freestream,1720.000000,5.22723677e+37
number_density,freestream,1730.000000,1.06530245e+38
number_density,freestream,1740.000000,1.53403636e+37
number_density,freestream,1750.000000,6.14988566e+36
number_density,freestream,1760.000000,9.85281462e+36
number_density,freestream,1770.000000,2.80474776e+37
number_density,freestream,1780.000000,8.55440259e+36
number_density,freestream,1790.000000,2.55715611e+36
number_density,freestream,1800.000000,8.43622355e+36
number_density,freestream,1810.000000,2.11248274e+37
number_density,freestream,1820.000000,4.43873155e+37
number_density,freestream,1830.000000,4.74963445e+37
number_density,freestream,1840.000000,1.97202616e+37
number_density,freestream,1850.000000,2.04679015e+37
number_density,freestream,1860.000000,3.32270058e+37
number_density,freestream,1870.000000,4.35772447e+36
number_density,freestream,1880.000000,1.86557955e+37
number_density,freestream,1890.000000,2.05819006e+37
number_density,freestream,1900.000000,1.63573064e+37
number_density,freestream,1910.000000,3.34786154e+37
number_density,freestream,1920.000000,4.09363834e+36
number_density,freestream,1930.000000,4.15555472e+36
number_density,freestream,1940.000000,1.14979110e+37
number_density,freestream,1950.000000,2.60349582e+37
number_density,freestream,1960.000000,3.55128872e+37
number_density,freestream,1970.000000,7.90964491e+35
number_density,freestream,1980.000000,1.68747847e+37
number_density,freestream,1990.000000,7.83930279e+36
number_density,freestream,2000.000000,1.60136839e+37
number_density,freestream,2010.000000,2.51362517e+37
number_density,freestream,2020.000000,5.51307509e+36
number_density,freestream,2030.000000,1.05640007e+37
number_density,freestream,2040.000000,1.07497249e+37
number_density,freestream,2050.000000,6.65887077e+36
number_density,freestream,2060.000000,5.23631844e+36
number_density,freestream,2070.000000,2.55894191e+36
number_density,freestream,2080.000000,1.74903855e+36
number_density,freestream,2090.000000,6.77648842e+36
number_density,freestream,2100.000000,2.18719203e+37
number_density,freestream,2110.000000,4.12094935e+37
number_density,freestream,2120.000000,1.96368591e+37
number_density,freestream,2130.000000,1.75468943e+36
number_density,freestream,2140.000000,5.60727852e+36
number_density,freestream,2150.000000,2.33399614e+37
number_density,freestream,2160.000000,1.52104132e+37
number_density,freestream,2170.000000,3.05584306e+36
number_density,freestream,2180.000000,5.93420374e+36
number_density,freestream,2190.000000,1.88796494e+37
number_density,freestream,2200.000000,7.16136744e+36
number_density,freestream,2210.000000,3.13511565e+36
number_density,freestream,2220.000000,5.79368505e+35
number_density,freestream,2230.000000,1.24379314e+37
number_density,freestream,2240.000000,8.89683503e+36
number_density,freestream,2250.000000,7.36609772e+36
number_density,freestream,2260.000000,6.04070344e+36
number_density,freestream,2270.000000,3.34543203e+36
number_density,freestream,2280.000000,1.46257063e+36
number_density,freestream,2290.000000,2.64120210e+36
number_density,freestream,2300.000000,3.94322210e+36
number_density,freestream,2310.000000,6.13082025e+36
number_density,freestream,2320.000000,8.52361148e+36
number_density,freestream,2330.000000,2.43106551e+36
number_density,freestream,2340.000000,3.19488254e+37
number_density,freestream,2350.000000,1.39105681e+37
number_density,freestream,2360.000000,1.53808661e+36
number_density,freestream,2370.000000,9.00237883e+36
number_density,freestream,2380.000000,1.21523994e+37
number_density,freestream,2390.000000,5.98043378e+36
number_density,freestream,2400.000000,9.56794245e+36
number_density,freestream,2410.000000,5.94662395e+36
number_density,freestream,2420.000000,1.38983559e+37
number_density,freestream,2430.000000,1.03490660e+37
number_density,freestream,2440.000000,1.35572826e+37
number_density,freestream,2450.000000,3.86896442e+36
number_density,freestream,2460.000000,6.72917454e+36
number_density,freestream,2470.000000,3.81282627e+36
number_density,freestream,2480.000000,1.58547276e+37
number_density,freestream,2490.000000,8.68249036e+36
number_density,freestream,2500.000000,1.40052451e+36
number_density,freestream,2510.000000,5.03941588e+36
number_density,freestream,2520.000000,1.60024424e+37
number_density,freestream,2530.000000,9.83293386e+36
number_density,freestream,2540.000000,4.59769851e+36
number_density,freestream,2550.000000,2.23656936e+37
number_density,freestream,2560.000000,3.27244780e+37
number_density,freestream,2570.000000,3.16654260e+37
number_density,freestream,2580.000000,2.02149105e+37
number_density,freestream,2590.000000,3.84254912e+35
number_density,freestream,2600.000000,1.32146990e+37
number_density,freestream,2610.000000,2.58573947e+37
number_density,freestream,2620.000000,4.16374960e+36
number_density,freestream,2630.000000,3.44917644e+36
number_density,freestream,2640.000000,1.39029643e+37
number_density,freestream,2650.000000,1.42571556e+37
number_density,freestream,2660.000000,1.26801936e+37
number_density,freestream,2670.000000,1.24640107e+36
number_density,freestream,2680.000000,3.16372108e+37
number_density,freestream,2690.000000,4.21531333e+37
number_density,freestream,2700.000000,3.30329579e+37
number_density,freestream,2710.000000,2.86798703e+37
number_density,freestream,2720.000000,2.66116370e+37
number_density,freestream,2730.000000,9.22259233e+36
number_density,freestream,2740.000000,3.43145981e+36
number_density,freestream,2750.000000,3.30313794e+36
number_density,freestream,2760.000000,1.44523615e+37
number_density,freestream,2770.000000,8.42501193e+36
number_density,freestream,2780.000000,2.61060167e+37
number_density,freestream,2790.000000,1.02679273e+37
number_density,freestream,2800.000000,3.03454217e+37
number_density,freestream,2810.000000,2.26732425e+37
number_density,freestream,2820.000000,8.64031430e+36
number_density,freestream,2830.000000,1.39297012e+37
number_density,freestream,2840.000000,7.07101813e+35
number_density,freestream,2850.000000,1.00075763e+37
number_density,freestream,2860.000000,1.33874757e+37
number_density,freestream,2870.000000,1.22883316e+37
number_density,freestream,2880.000000,1.14686677e+36
number_density,freestream,2890.000000,1.62474288e+36
number_density,freestream,2900.000000,3.00331658e+36
number_density,freestream,2910.000000,3.64418133e+36
number_density,freestream,2920.000000,4.22002575e+36
number_density,freestream,2930.000000,6.99478537e+36
number_density,freestream,2940.000000,1.85941648e+36
number_density,freestream,2950.000000,2.29870059e+37
number_density,freestream,2960.000000,1.85884686e+37
number_density,freestream,2970.000000,3.52214083e+36
number_density,freestream,2980.000000,5.95176509e+36
number_density,freestream,2990.000000,3.86566404e+36
number_density,freestream,3000.000000,1.04625097e+37
number_density,freestream,3010.000000,2.86435195e+37
number_density,freestream,3020.000000,1.68060986e+37
number_density,freestream,3030.000000,3.50712311e+36
number_density,freestream,3040.000000,4.56591653e+36
number_density,freestream,3050.000000,1.13263689e+37
number_density,freestream,3060.000000,7.51653567e+36
number_density,freestream,3070.000000,1.17618182e+37
number_density,freestream,3080.000000,1.95343425e+35
number_density,freestream,3090.000000,1.39422341e+37
number_density,freestream,3100.000000,1.38902565e+37
number_density,freestream,3110.000000,4.50199919e+36
number_density,freestream,3120.000000,9.23864647e+33
number_density,freestream,3130.000000,9.97436822e+36
number_density,freestream,3140.000000,1.27251598e+37
number_density,freestream,3150.000000,6.19965456e+36
number_density,freestream,3160.000000,2.02850568e+36
number_density,freestream,3170.000000,6.99180136e+36
number_density,freestream,3180.000000,6.77161642e+37
number_density,freestream,3190.000000,9.74428633e+37
number_density,freestream,3200.000000,2.09678574e+37
number_density,freestream,3210.000000,3.14079161e+36
number_density,freestream,3220.000000,1.51480618e+37
number_density,freestream,3230.000000,7.25611352e+36
number_density,freestream,3240.000000,3.24852557e+35
number_density,freestream,3250.000000,3.60752183e+36
number_density,freestream,3260.000000,2.87329102e+36
number_density,freestream,3270.000000,1.25822326e+36
number_density,freestream,3280.000000,3.33377032e+37
number_density,freestream,3290.000000,5.88823651e+37
number_density,freestream,3300.000000,1.83684919e+37
number_density,freestream,3310.000000,4.95934756e+35
number_density,freestream,3320.000000,1.11614302e+37
number_density,freestream,3330.000000,9.84898303e+36
number_density,freestream,3340.000000,3.56616091e+36
number_density,freestream,3350.000000,1.43576846e+37
number_density,freestream,3360.000000,3.80101014e+37
number_density,freestream,3370.000000,1.71828229e+37
number_density,freestream,3380.000000,9.34101771e+36
number_density,freestream,3390.000000,3.36023000e+37
number_density,freestream,3400.000000,8.32498481e+37
number_density,freestream,3410.000000,2.07245238e+37
number_density,freestream,3420.000000,9.19215361e+36
number_density,freestream,3430.000000,1.99187892e+37
number_density,freestream,3440.000000,1.99932442e+37
number_density,freestream,3450.000000,1.16323805e+37
number_density,freestream,3460.000000,5.91792265e+36
number_density,freestream,3470.000000,6.37356385e+36
number_density,freestream,3480.000000,3.03647615e+37
number_density,freestream,3490.000000,7.51057746e+37
number_density,freestream,3500.000000,4.03736687e+37
number_density,freestream,3510.000000,9.46678238e+36
number_density,freestream,3520.000000,5.25578187e+36
number_density,freestream,3530.000000,1.36140444e+36
number_density,freestream,3540.000000,1.48007866e+37
number_density,freestream,3550.000000,3.04502427e+37
number_density,freestream,3560.000000,1.69927522e+37
number_density,freestream,3570.000000,8.34495272e+36
number_density,freestream,3580.000000,3.73550988e+36
number_density,freestream,3590.000000,1.55562263e+37
number_density,freestream,3600.000000,3.83651466e+37
number_density,freestream,3610.000000,2.58143978e+37
number_density,freestream,3620.000000,1.63011226e+37
number_density,freestream,3630.000000,2.58538194e+37
number_density,freestream,3640.000000,1.08421701e+37
number_density,freestream,3650.000000,1.63670366e+37
number_density,freestream,3660.000000,1.11843748e+37
number_density,freestream,3670.000000,1.96735791e+36
number_density,freestream,3680.000000,6.39812210e+36
number_density,freestream,3690.000000,5.40741882e+35
number_density,freestream,3700.000000,9.56750061e+36
number_density,freestream,3710.000000,3.48918131e+37
number_density,freestream,3720.000000,1.34322878e+37
number_density,freestream,3730.000000,2.67264392e+36
number_density,freestream,3740.000000,2.71740060e+36
number_density,freestream,3750.000000,2.25707905e+37
number_density,freestream,3760.000000,2.66487077e+37
number_density,freestream,3770.000000,3.03757729e+37
number_density,freestream,3780.000000,5.41811009e+36
number_density,freestream,3790.000000,3.27137980e+36
number_density,freestream,3800.000000,1.12796695e+37
number_density,freestream,3810.000000,4.42203001e+37
number_density,freestream,3820.000000,5.23010333e+37
number_density,freestream,3830.000000,4.33097789e+37
number_density,freestream,3840.000000,1.88663294e+37
number_density,freestream,3850.000000,2.07329857e+37
number_density,freestream,3860.000000,2.04746464e+35
number_density,freestream,3870.000000,2.62873291e+37
number_density,freestream,3880.000000,3.21120728e+37
number_density,freestream,3890.000000,6.97358596e+37
number_density,freestream,3900.000000,3.83705741e+37
number_density,freestream,3910.000000,2.65510334e+37
number_density,freestream,3920.000000,2.74175485e+37
number_density,freestream,3930.000000,5.44641602e+36
number_density,freestream,3940.000000,6.18899029e+36
number_density,freestream,3950.000000,4.39856534e+36
number_density,freestream,3960.000000,5.56759220e+34
number_density,freestream,3970.000000,1.23530932e+37
number_density,freestream,3980.000000,9.20655361e+36
number_density,freestream,3990.000000,1.96777658e+36
number_density,freestream,4000.000000,7.64135655e+36
number_density,freestream,4010.000000,2.62442943e+37
number_density,freestream,4020.000000,1.02896832e+37
number_density,freestream,4030.000000,1.76616150e+36
number_density,freestream,4040.000000,1.26376904e+36
number_density,freestream,4050.000000,1.21612710e+37
number_density,freestream,4060.000000,2.46604777e+37
number_density,freestream,4070.000000,4.26235282e+37
number_density,freestream,4080.000000,2.05621244e+37
number_density,freestream,4090.000000,5.42274154e+35
number_density,freestream,4100.000000,7.44370937e+36
number_density,freestream,4110.000000,4.79075762e+37
number_density,freestream,4120.000000,3.46625178e+37
number_density,freestream,4130.000000,9.27737630e+36
number_density,freestream,4140.000000,1.13044372e+37
number_density,freestream,4150.000000,3.48626536e+35
number_density,freestream,4160.000000,6.20954259e+36
number_density,freestream,4170.000000,6.34925541e+36
number_density,freestream,4180.000000,2.37246594e+37
number_density,freestream,4190.000000,1.92399262e+37
number_density,freestream,4200.000000,2.29150895e+37
number_density,freestream,4210.000000,5.78376769e+37
number_density,freestream,4220.000000,3.12895174e+37
number_density,freestream,4230.000000,3.20033884e+36
number_density,freestream,4240.000000,2.58054803e+37
number_density,freestream,4250.000000,8.10254926e+36
number_density,freestream,4260.000000,8.12354027e+36
number_density,freestream,4270.000000,1.82681414e+37
number_density,freestream,4280.000000,3.63395483e+37
number_density,freestream,4290.000000,4.41091823e+37
number_density,freestream,4300.000000,7.35803782e+36
number_density,freestream,4310.000000,1.77776197e+37
number_density,freestream,4320.000000,1.71799731e+37
number_density,freestream,4330.000000,1.91251363e+37
number_density,freestream,4340.000000,5.46663250e+36
number_density,freestream,4350.000000,4.96585900e+36
number_density,freestream,4360.000000,1.01495235e+37
number_density,freestream,4370.000000,4.02406184e+36
number_density,freestream,4380.000000,3.60889674e+36
number_density,freestream,4390.000000,1.50978529e+37
number_density,freestream,4400.000000,1.75872707e+37
number_density,freestream,4410.000000,1.08254832e+37
number_density,freestream,4420.000000,8.65020497e+36
number_density,freestream,4430.000000,4.24462286e+35
number_density,freestream,4440.000000,6.42385799e+36
number_density,freestream,4450.000000,1.77894124e+37
number_density,freestream,4460.000000,7.09854601e+36
number_density,freestream,4470.000000,3.09587356e+36
number_density,freestream,4480.000000,1.38768973e+36
number_density,freestream,4490.000000,9.78628525e+36
number_density,freestream,4500.000000,6.58562340e+36
number_density,freestream,4510.000000,9.27088536e+36
number_density,freestream,4520.000000,1.08775430e+36
number_density,freestream,4530.000000,4.88947856e+36
number_density,freestream,4540.000000,2.53023064e+36
number_density,freestream,4550.000000,3.69603821e+36
number_density,freestream,4560.000000,9.27091691e+36
number_density,freestream,4570.000000,7.72515520e+36
number_density,freestream,4580.000000,8.29826188e+36
number_density,freestream,4590.000000,1.09383993e+37
number_density,freestream,4600.000000,1.71658647e+37
number_density,freestream,4610.000000,1.86658472e+36
number_density,freestream,4620.000000,8.30254222e+35
number_density,freestream,4630.000000,2.96237979e+36
number_density,freestream,4640.000000,4.50827118e+37
number_density,freestream,4650.000000,3.12192935e+37
number_density,freestream,4660.000000,7.58819923e+36
number_density,freestream,4670.000000,5.98760767e+36
number_density,freestream,4680.000000,1.05432262e+36
number_density,freestream,4690.000000,6.26428189e+36
number_density,freestream,4700.000000,3.76609835e+36
number_density,freestream,4710.000000,9.61884799e+35
number_density,freestream,4720.000000,1.17539035e+36
number_density,freestream,4730.000000,4.54985707e+36
number_density,freestream,4740.000000,8.02904763e+35
number_density,freestream,4750.000000,2.08151168e+35
number_density,freestream,4760.000000,2.76498436e+36
number_density,freestream,4770.000000,4.67525362e+36
number_density,freestream,4780.000000,8.65822907e+36
number_density,freestream,4790.000000,8.63324380e+35
number_density,freestream,4800.000000,2.09738570e+37
number_density,freestream,4810.000000,2.29114202e+37
number_density,freestream,4820.000000,9.81252997e+35
number_density,freestream,4830.000000,1.78083428e+36
number_density,freestream,4840.000000,1.40070418e+36
number_density,freestream,4850.000000,4.77998929e+36
number_density,freestream,4860.000000,6.85191825e+36
number_density,freestream,4870.000000,4.65727955e+36
number_density,freestream,4880.000000,7.81326584e+36
number_density,freestream,4890.000000,6.51157848e+36
number_density,freestream,4900.000000,3.47930045e+36
number_density,freestream,4910.000000,1.81175680e+37
number_density,freestream,4920.000000,1.45203585e+37
number_density,freestream,4930.000000,1.94051263e+37
number_density,freestream,4940.000000,1.54280298e+37
number_density,freestream,4950.000000,5.27643732e+36
number_density,freestream,4960.000000,4.50263292e+36
number_density,freestream,4970.000000,9.11228211e+36
number_density,freestream,4980.000000,3.54274162e+37
number_density,freestream,4990.000000,5.08040548e+37
number_density,freestream,5000.000000,2.32987398e+37
pressure,boundary,0.000000,3.69965063e-05
pressure,boundary,10.000000,6.35455978e-05
pressure,boundary,20.000000,6.58721208e-06
pressure,boundary,30.000000,6.28222526e-06
pressure,boundary,40.000000,2.42567778e-05
pressure,boundary,50.000000,8.60513857e-05
pressure,boundary,60.000000,2.03035296e-04
pressure,boundary,70.000000,1.21921253e-04
pressure,boundary,80.000000,6.84215809e-05
pressure,boundary,90.000000,4.98126271e-05
pressure,boundary,100.000000,4.51965412e-05
pressure,boundary,110.000000,2.45811540e-06
pressure,boundary,120.000000,3.97591238e-05
pressure,boundary,130.000000,6.62775311e-05
pressure,boundary,140.000000,4.17018914e-04
pressure,boundary,150.000000,2.00711121e-04
pressure,boundary,160.000000,5.33176436e-05
pressure,boundary,170.000000,1.93062338e-05
pressure,boundary,180.000000,2.63185962e-04
pressure,boundary,190.000000,9.89107105e-04
pressure,boundary,200.000000,1.84748255e-04
pressure,boundary,210.000000,1.43716498e-04
pressure,boundary,220.000000,4.95741294e-04
pressure,boundary,230.000000,6.04799570e-04
pressure,boundary,240.000000,9.38122605e-04
pressure,boundary,250.000000,5.74696477e-04
pressure,boundary,260.000000,1.73456711e-04
pressure,boundary,270.000000,1.09255734e-04
pressure,boundary,280.000000,4.96674362e-05
pressure,boundary,290.000000,1.97418219e-04
pressure,boundary,300.000000,3.52218372e-04
pressure,boundary,310.000000,3.58920813e-04
pressure,boundary,320.000000,2.89189286e-04
pressure,boundary,330.000000,1.77158275e-04
pressure,boundary,340.000000,7.13396484e-05
pressure,boundary,350.000000,9.76438670e-06
pressure,boundary,360.000000,3.98144021e-05
pressure,boundary,370.000000,9.41535914e-05
pressure,boundary,380.000000,1.65063137e-04
pressure,boundary,390.000000,1.27206365e-04
pressure,boundary,400.000000,1.50043872e-05
pressure,boundary,410.000000,2.27439967e-05
pressure,boundary,420.000000,5.82970509e-05
pressure,boundary,430.000000,6.04722523e-04
pressure,boundary,440.000000,8.27688803e-05
pressure,boundary,450.000000,1.94305295e-04
pressure,boundary,460.000000,6.75010505e-05
pressure,boundary,470.000000,2.86427536e-05
pressure,boundary,480.000000,1.30870540e-04
pressure,boundary,490.000000,1.24815971e-04
pressure,boundary,500.000000,1.41682223e-04
pressure,boundary,510.000000,1.36849028e-04
pressure,boundary,520.000000,3.00938036e-05
pressure,boundary,530.000000,1.89603279e-05
pressure,boundary,540.000000,1.76100698e-04
pressure,boundary,550.000000,1.08117559e-04
pressure,boundary,560.000000,1.54783396e-04
pressure,boundary,570.000000,2.32650659e-04
pressure,boundary,580.000000,8.91381804e-05
pressure,boundary,590.000000,7.01272567e-05
pressure,boundary,600.000000,1.24174080e-04
pressure,boundary,610.000000,4.26584075e-04
pressure,boundary,620.000000,4.72957486e-04
pressure,boundary,630.000000,2.30870639e-04
pressure,boundary,640.000000,1.53221105e-04
pressure,boundary,650.000000,8.02932362e-05
pressure,boundary,660.000000,2.42744386e-05
pressure,boundary,670.000000,6.60257053e-05
pressure,boundary,680.000000,1.28505219e-04
pressure,boundary,690.000000,3.04699329e-04
pressure,boundary,700.000000,1.56189670e-04
pressure,boundary,710.000000,6.88958612e-05
pressure,boundary,720.000000,1.25379137e-05
pressure,boundary,730.000000,7.73297974e-07
pressure,boundary,740.000000,4.17527769e-05
pressure,boundary,750.000000,9.36373889e-05
pressure,boundary,760.000000,3.81771731e-05
pressure,boundary,770.000000,1.02313109e-04
pressure,boundary,780.000000,4.01449989e-05
pressure,boundary,790.000000,4.27030466e-05
pressure,boundary,800.000000,4.78183835e-05
pressure,boundary,810.000000,3.71981868e-04
pressure,boundary,820.000000,5.88244106e-04
pressure,boundary,830.000000,1.76569044e-04
pressure,boundary,840.000000,3.40681637e-05
pressure,boundary,850.000000,4.53395356e-05
pressure,boundary,860.000000,2.92603602e-04
pressure,boundary,870.000000,7.63813708e-05
pressure,boundary,880.000000,1.41474504e-04
pressure,boundary,890.000000,6.56788375e-05
pressure,boundary,900.000000,8.31476613e-05
pressure,boundary,910.000000,5.80788265e-05
pressure,boundary,920.000000,2.35629963e-05
pressure,boundary,930.000000,1.03732547e-05
pressure,boundary,940.000000,6.93083431e-05
pressure,boundary,950.000000,6.12683390e-05
pressure,boundary,960.000000,3.22874484e-04
pressure,boundary,970.000000,5.48430950e-04
pressure,boundary,980.000000,2.25928322e-04
pressure,boundary,990.000000,1.30278318e-04
pressure,boundary,1000.000000,1.27459633e-04
pressure,boundary,1010.000000,2.65558192e-04
pressure,boundary,1020.000000,4.63266024e-04
pressure,boundary,1030.000000,5.56489774e-05
pressure,boundary,1040.000000,1.07644946e-05
pressure,boundary,1050.000000,1.19556468e-04
pressure,boundary,1060.000000,2.63617002e-05
pressure,boundary,1070.000000,2.68742986e-05
pressure,boundary,1080.000000,3.33960799e-06
pressure,boundary,1090.000000,1.08039176e-05
pressure,boundary,1100.000000,4.65972013e-08
pressure,boundary,1110.000000,5.44085139e-05
pressure,boundary,1120.000000,1.89330987e-04
pressure,boundary,1130.000000,3.84195207e-04
pressure,boundary,1140.000000,2.98416257e-04
pressure,boundary,1150.000000,1.29520474e-04
pressure,boundary,1160.000000,1.32766903e-04
pressure,boundary,1170.000000,1.55346535e-04
pressure,boundary,1180.000000,2.87512580e-05
pressure,boundary,1190.000000,4.88564065e-05
pressure,boundary,1200.000000,7.03571810e-07
pressure,boundary,1210.000000,6.93648046e-06
pressure,boundary,1220.000000,9.43819924e-06
pressure,boundary,1230.000000,1.09515028e-05
pressure,boundary,1240.000000,8.89997113e-05
pressure,boundary,1250.000000,5.32149216e-05
pressure,boundary,1260.000000,8.11660702e-06
pressure,boundary,1270.000000,6.58367230e-05
pressure,boundary,1280.000000,9.46139228e-05
pressure,boundary,1290.000000,1.04266713e-04
pressure,boundary,1300.000000,1.86011827e-05
pressure,boundary,1310.000000,2.54284580e-05
pressure,boundary,1320.000000,3.75196387e-05
pressure,boundary,1330.000000,4.68807878e-05
pressure,boundary,1340.000000,4.47169616e-05
pressure,boundary,1350.000000,1.40127489e-04
pressure,boundary,1360.000000,2.67053692e-04
pressure,boundary,1370.000000,4.92147857e-05
pressure,boundary,1380.000000,8.27950974e-06
pressure,boundary,1390.000000,2.36933402e-05
pressure,boundary,1400.000000,3.55194767e-05
pressure,boundary,1410.000000,6.84946543e-05
pressure,boundary,1420.000000,3.81656784e-05
pressure,boundary,1430.000000,5.41620071e-05
pressure,boundary,1440.000000,2.11236514e-04
pressure,boundary,1450.000000,3.17540965e-04
pressure,boundary,1460.000000,2.00207626e-04
pressure,boundary,1470.000000,3.77472585e-05
pressure,boundary,1480.000000,1.30682692e-05
pressure,boundary,1490.000000,1.30959130e-04
pressure,boundary,1500.000000,8.88855387e-05
pressure,boundary,1510.000000,3.61026631e-05
pressure,boundary,1520.000000,1.11093459e-04
pressure,boundary,1530.000000,4.93346419e-05
pressure,boundary,1540.000000,4.99453380e-05
pressure,boundary,1550.000000,5.37684579e-05
pressure,boundary,1560.000000,3.32808333e-04
pressure,boundary,1570.000000,3.95024634e-04
pressure,boundary,1580.000000,1.24212170e-05
pressure,boundary,1590.000000,1.01083729e-04
pressure,boundary,1600.000000,1.21386341e-04
pressure,boundary,1610.000000,8.73180697e-05
pressure,boundary,1620.000000,2.57145619e-05
pressure,boundary,1630.000000,4.29315965e-05
pressure,boundary,1640.000000,1.49794038e-04
pressure,boundary,1650.000000,2.20937963e-05
pressure,boundary,1660.000000,9.75074193e-06
pressure,boundary,1670.000000,1.83237358e-05
pressure,boundary,1680.000000,2.98905910e-05
pressure,boundary,1690.000000,9.85389383e-05
pressure,boundary,1700.000000,2.06893665e-05
pressure,boundary,1710.000000,1.57042162e-05
pressure,boundary,1720.000000,2.09789891e-05
pressure,boundary,1730.000000,4.44763086e-05
pressure,boundary,1740.000000,5.17181019e-05
pressure,boundary,1750.000000,1.71027922e-05
pressure,boundary,1760.000000,1.50754514e-05
pressure,boundary,1770.000000,9.10340494e-06
pressure,boundary,1780.000000,1.75257198e-05
pressure,boundary,1790.000000,1.21565493e-04
pressure,boundary,1800.000000,1.90394776e-04
pressure,boundary,1810.000000,1.55450768e-05
pressure,boundary,1820.000000,9.56498290e-05
pressure,boundary,1830.000000,1.86161725e-04
pressure,boundary,1840.000000,8.55470014e-05
pressure,boundary,1850.000000,2.93539790e-05
pressure,boundary,1860.000000,8.25006805e-05
pressure,boundary,1870.000000,2.54946414e-06
pressure,boundary,1880.000000,8.37455191e-05
pressure,boundary,1890.000000,4.64118066e-05
pressure,boundary,1900.000000,7.64283149e-05
pressure,boundary,1910.000000,7.80968336e-05
pressure,boundary,1920.000000,4.00019645e-05
pressure,boundary,1930.000000,1.96765514e-05
pressure,boundary,1940.000000,2.68626548e-05
pressure,boundary,1950.000000,5.65187065e-05
pressure,boundary,1960.000000,4.64537180e-06
pressure,boundary,1970.000000,4.19809219e-05
pressure,boundary,1980.000000,1.78062075e-05
pressure,boundary,1990.000000,1.12334107e-04
pressure,boundary,2000.000000,1.19831553e-04
pressure,boundary,2010.000000,3.50071836e-05
pressure,boundary,2020.000000,6.38606000e-05
pressure,boundary,2030.000000,3.23506816e-05
pressure,boundary,2040.000000,3.94583212e-05
pressure,boundary,2050.000000,3.92931344e-05
pressure,boundary,2060.000000,2.00291485e-05
pressure,boundary,2070.000000,9.41686166e-06
pressure,boundary,2080.000000,1.75478732e-05
pressure,boundary,2090.000000,2.79170147e-05
pressure,boundary,2100.000000,1.82152350e-05
pressure,boundary,2110.000000,5.03131081e-06
pressure,boundary,2120.000000,6.81381845e-05
pressure,boundary,2130.000000,1.82419143e-04
pressure,boundary,2140.000000,3.23029825e-05
pressure,boundary,2150.000000,3.99768934e-05
pressure,boundary,2160.000000,1.33224642e-05
pressure,boundary,2170.000000,4.78168449e-05
pressure,boundary,2180.000000,4.39967925e-05
pressure,boundary,2190.000000,4.87171967e-05
pressure,boundary,2200.000000,3.38144571e-05
pressure,boundary,2210.000000,5.02721782e-05
pressure,boundary,2220.000000,2.79763591e-05
pressure,boundary,2230.000000,8.61977134e-06
pressure,boundary,2240.000000,7.15870914e-06
pressure,boundary,2250.000000,1.07880452e-05
pressure,boundary,2260.000000,1.35112726e-04
pressure,boundary,2270.000000,5.28866958e-05
pressure,boundary,2280.000000,2.26839922e-06
pressure,boundary,2290.000000,1.09833862e-08
pressure,boundary,2300.000000,9.16742857e-07
pressure,boundary,2310.000000,4.83734858e-05
pressure,boundary,2320.000000,1.10873190e-04
pressure,boundary,2330.000000,1.01963020e-04
pressure,boundary,2340.000000,4.75752595e-05
pressure,boundary,2350.000000,1.83197035e-04
pressure,boundary,2360.000000,1.44973070e-04
pressure,boundary,2370.000000,6.41639855e-05
pressure,boundary,2380.000000,1.18857070e-04
pressure,boundary,2390.000000,7.59927883e-05
pressure,boundary,2400.000000,1.70291178e-05
pressure,boundary,2410.000000,3.73872973e-05
pressure,boundary,2420.000000,5.85335025e-05
pressure,boundary,2430.000000,2.35583836e-05
pressure,boundary,2440.000000,9.12246740e-06
pressure,boundary,2450.000000,3.58869950e-05
pressure,boundary,2460.000000,8.91931835e-05
pressure,boundary,2470.000000,1.56654468e-04
pressure,boundary,2480.000000,3.73924037e-05
pressure,boundary,2490.000000,5.04180250e-05
pressure,boundary,2500.000000,2.05544595e-04
pressure,boundary,2510.000000,5.97200225e-05
pressure,boundary,2520.000000,3.17794495e-05
pressure,boundary,2530.000000,1.04370684e-04
pressure,boundary,2540.000000,8.76725942e-06
pressure,boundary,2550.000000,1.26379626e-04
pressure,boundary,2560.000000,2.93604307e-05
pressure,boundary,2570.000000,8.09396092e-06
pressure,boundary,2580.000000,9.88673956e-06
pressure,boundary,2590.000000,1.59783321e-05
pressure,boundary,2600.000000,4.18885108e-06
pressure,boundary,2610.000000,4.53479016e-05
pressure,boundary,2620.000000,6.07075499e-05
pressure,boundary,2630.000000,1.74864899e-05
pressure,boundary,2640.000000,1.46383207e-06
pressure,boundary,2650.000000,3.17973234e-05
pressure,boundary,2660.000000,8.22572583e-05
pressure,boundary,2670.000000,7.39086041e-05
pressure,boundary,2680.000000,3.36775889e-05
pressure,boundary,2690.000000,4.18759162e-05
pressure,boundary,2700.000000,2.58748878e-05
pressure,boundary,2710.000000,1.07364164e-05
pressure,boundary,2720.000000,4.93430997e-05
pressure,boundary,2730.000000,9.24477710e-05
pressure,boundary,2740.000000,1.51013159e-05
pressure,boundary,2750.000000,1.50598955e-04
pressure,boundary,2760.000000,1.29786214e-04
pressure,boundary,2770.000000,3.15262677e-05
pressure,boundary,2780.000000,4.63311410e-05
pressure,boundary,2790.000000,6.48971616e-05
pressure,boundary,2800.000000,9.59370102e-05
pressure,boundary,2810.000000,3.43576567e-06
pressure,boundary,2820.000000,2.91948495e-05
pressure,boundary,2830.000000,2.91458704e-05
pressure,boundary,2840.000000,2.95978958e-06
pressure,boundary,2850.000000,8.84207845e-05
pressure,boundary,2860.000000,1.47790849e-04
pressure,boundary,2870.000000,2.04994268e-05
pressure,boundary,2880.000000,2.69655871e-05
pressure,boundary,2890.000000,1.69659442e-05
pressure,boundary,2900.000000,5.02795051e-05
pressure,boundary,2910.000000,2.51860815e-05
pressure,boundary,2920.000000,5.26532645e-05
pressure,boundary,2930.000000,1.19236775e-04
pressure,boundary,2940.000000,1.07198889e-04
pressure,boundary,2950.000000,7.03313077e-05
pressure,boundary,2960.000000,4.30416101e-05
pressure,boundary,2970.000000,1.55152228e-05
pressure,boundary,2980.000000,4.42864244e-05
pressure,boundary,2990.000000,1.61870089e-04
pressure,boundary,3000.000000,8.73212976e-05
pressure,boundary,3010.000000,2.41533547e-05
pressure,boundary,3020.000000,3.41659834e-05
pressure,boundary,3030.000000,1.09266924e-05
pressure,boundary,3040.000000,2.84938432e-05
pressure,boundary,3050.000000,1.06746783e-04
pressure,boundary,3060.000000,5.04092429e-05
pressure,boundary,3070.000000,2.00834468e-06
pressure,boundary,3080.000000,7.71972047e-05
pressure,boundary,3090.000000,4.54190513e-05
pressure,boundary,3100.000000,1.71693892e-05
pressure,boundary,3110.000000,1.21907488e-04
pressure,boundary,3120.000000,1.46398663e-04
pressure,boundary,3130.000000,6.55960722e-06
pressure,boundary,3140.000000,7.46685229e-05
pressure,boundary,3150.000000,1.04360071e-04
pressure,boundary,3160.000000,2.14320658e-05
pressure,boundary,3170.000000,1.42951162e-05
pressure,boundary,3180.000000,1.37685685e-05
pressure,boundary,3190.000000,2.64066387e-05
pressure,boundary,3200.000000,1.59591539e-05
pressure,boundary,3210.000000,4.37926815e-05
pressure,boundary,3220.000000,1.84211460e-05
pressure,boundary,3230.000000,9.53241323e-05
pressure,boundary,3240.000000,1.22732425e-04
pressure,boundary,3250.000000,1.09595373e-04
pressure,boundary,3260.000000,1.23863254e-04
pressure,boundary,3270.000000,2.58013825e-05
pressure,boundary,3280.000000,9.09684549e-05
pressure,boundary,3290.000000,1.40686663e-04
pressure,boundary,3300.000000,5.08354288e-05
pressure,boundary,3310.000000,3.57026660e-05
pressure,boundary,3320.000000,5.01822107e-05
pressure,boundary,3330.000000,1.66203848e-04
pressure,boundary,3340.000000,2.55029713e-04
pressure,boundary,3350.000000,1.70562854e-04
pressure,boundary,3360.000000,1.48141192e-04
pressure,boundary,3370.000000,1.96921950e-05
pressure,boundary,3380.000000,2.71796950e-05
pressure,boundary,3390.000000,4.05115945e-05
pressure,boundary,3400.000000,6.21924272e-05
pressure,boundary,3410.000000,2.95567492e-05
pressure,boundary,3420.000000,3.89443636e-05
pressure,boundary,3430.000000,1.25052730e-04
pressure,boundary,3440.000000,6.87471870e-06
pressure,boundary,3450.000000,3.67317107e-05
pressure,boundary,3460.000000,6.22052265e-05
pressure,boundary,3470.000000,8.75945576e-07
pressure,boundary,3480.000000,5.34509821e-05
pressure,boundary,3490.000000,1.04147564e-05
pressure,boundary,3500.000000,2.84481909e-06
pressure,boundary,3510.000000,7.34081259e-06
pressure,boundary,3520.000000,2.45067447e-05
pressure,boundary,3530.000000,2.17415034e-05
pressure,boundary,3540.000000,1.13604988e-05
pressure,boundary,3550.000000,9.16749582e-05
pressure,boundary,3560.000000,2.15550113e-04
pressure,boundary,3570.000000,7.86972825e-05
pressure,boundary,3580.000000,6.43627599e-05
pressure,boundary,3590.000000,2.12828410e-05
pressure,boundary,3600.000000,1.26693421e-05
pressure,boundary,3610.000000,7.65415061e-06
pressure,boundary,3620.000000,2.06220688e-05
pressure,boundary,3630.000000,4.72485735e-05
pressure,boundary,3640.000000,6.32342230e-05
pressure,boundary,3650.000000,6.23581174e-05
pressure,boundary,3660.000000,5.93790189e-05
pressure,boundary,3670.000000,4.37247366e-05
pressure,boundary,3680.000000,2.72845120e-05
pressure,boundary,3690.000000,5.04262677e-05
pressure,boundary,3700.000000,2.98497645e-05
pressure,boundary,3710.000000,8.04353037e-05
pressure,boundary,3720.000000,7.33889000e-05
pressure,boundary,3730.000000,8.59539345e-06
pressure,boundary,3740.000000,1.03140120e-04
pressure,boundary,3750.000000,7.24431248e-05
pressure,boundary,3760.000000,8.98794767e-05
pressure,boundary,3770.000000,1.44919085e-04
pressure,boundary,3780.000000,3.94378023e-05
pressure,boundary,3790.000000,4.99499702e-05
pressure,boundary,3800.000000,1.29278958e-04
pressure,boundary,3810.000000,7.90185500e-05
pressure,boundary,3820.000000,5.99318724e-06
pressure,boundary,3830.000000,1.23893798e-05
pressure,boundary,3840.000000,1.76892454e-04
pressure,boundary,3850.000000,1.08714683e-04
pressure,boundary,3860.000000,1.02913323e-05
pressure,boundary,3870.000000,9.77188515e-05
pressure,boundary,3880.000000,7.22113550e-05
pressure,boundary,3890.000000,9.74543926e-05
pressure,boundary,3900.000000,1.46836734e-04
pressure,boundary,3910.000000,7.34889257e-05
pressure,boundary,3920.000000,3.05746245e-05
pressure,boundary,3930.000000,1.50253359e-05
pressure,boundary,3940.000000,8.57629076e-05
pressure,boundary,3950.000000,2.57209510e-04
pressure,boundary,3960.000000,2.10547142e-04
pressure,boundary,3970.000000,1.23126438e-04
pressure,boundary,3980.000000,1.12661004e-05
pressure,boundary,3990.000000,6.57477848e-05
pressure,boundary,4000.000000,1.55931664e-04
pressure,boundary,4010.000000,1.40757272e-04
pressure,boundary,4020.000000,3.68979180e-05
pressure,boundary,4030.000000,2.32991273e-06
pressure,boundary,4040.000000,4.24794779e-05
pressure,boundary,4050.000000,2.45739014e-05
pressure,boundary,4060.000000,4.07154330e-05
pressure,boundary,4070.000000,7.61616256e-05
pressure,boundary,4080.000000,2.35407312e-05
pressure,boundary,4090.000000,9.20631508e-05
pressure,boundary,4100.000000,8.41285642e-05
pressure,boundary,4110.000000,1.99200891e-05
pressure,boundary,4120.000000,7.95979491e-06
pressure,boundary,4130.000000,1.94556492e-06
pressure,boundary,4140.000000,1.32372196e-05
pressure,boundary,4150.000000,4.25096573e-05
pressure,boundary,4160.000000,5.34691370e-05
pressure,boundary,4170.000000,9.67878935e-06
pressure,boundary,4180.000000,1.01996410e-05
pressure,boundary,4190.000000,3.20529389e-05
pressure,boundary,4200.000000,7.96984432e-05
pressure,boundary,4210.000000,1.23135876e-04
pressure,boundary,4220.000000,2.45553074e-05
pressure,boundary,4230.000000,1.29927315e-05
pressure,boundary,4240.000000,4.00600105e-05
pressure,boundary,4250.000000,7.89574904e-05
pressure,boundary,4260.000000,5.32321604e-05
pressure,boundary,4270.000000,2.76720926e-06
pressure,boundary,4280.000000,1.53525428e-05
pressure,boundary,4290.000000,1.06661062e-05
pressure,boundary,4300.000000,3.16337189e-06
pressure,boundary,4310.000000,2.84052074e-06
pressure,boundary,4320.000000,3.94240506e-05
pressure,boundary,4330.000000,3.59722305e-05
pressure,boundary,4340.000000,4.55605435e-05
pressure,boundary,4350.000000,1.11794362e-04
pressure,boundary,4360.000000,9.37497688e-06
pressure,boundary,4370.000000,1.96140658e-05
pressure,boundary,4380.000000,1.40658839e-05
pressure,boundary,4390.000000,7.39469697e-05
pressure,boundary,4400.000000,6.64170683e-05
pressure,boundary,4410.000000,1.59132405e-04
pressure,boundary,4420.000000,1.35212038e-04
pressure,boundary,4430.000000,1.10507186e-04
pressure,boundary,4440.000000,1.22670579e-04
pressure,boundary,4450.000000,4.58694157e-05
pressure,boundary,4460.000000,3.22285094e-05
pressure,boundary,4470.000000,9.87408812e-06
pressure,boundary,4480.000000,3.28144811e-05
pressure,boundary,4490.000000,3.14015295e-05
pressure,boundary,4500.000000,4.80369610e-05
pressure,boundary,4510.000000,1.81263363e-04
pressure,boundary,4520.000000,3.82104360e-05
pressure,boundary,4530.000000,1.71675781e-05
pressure,boundary,4540.000000,3.83269268e-05
pressure,boundary,4550.000000,7.09840255e-05
pressure,boundary,4560.000000,2.70701935e-05
pressure,boundary,4570.000000,7.34239377e-06
pressure,boundary,4580.000000,9.80503897e-06
pressure,boundary,4590.000000,1.38058963e-05
pressure,boundary,4600.000000,5.87954739e-06
pressure,boundary,4610.000000,4.56218007e-05
pressure,boundary,4620.000000,3.73785560e-05
pressure,boundary,4630.000000,4.51435496e-05
pressure,boundary,4640.000000,3.02107172e-06
pressure,boundary,4650.000000,1.48637997e-06
pressure,boundary,4660.000000,1.28785839e-05
pressure,boundary,4670.000000,3.50956839e-06
pressure,boundary,4680.000000,2.21154124e-07
pressure,boundary,4690.000000,1.64213134e-05
pressure,boundary,4700.000000,5.43385275e-05
pressure,boundary,4710.000000,7.35728358e-05
pressure,boundary,4720.000000,2.13446087e-05
pressure,boundary,4730.000000,4.26464779e-05
pressure,boundary,4740.000000,9.18526929e-06
pressure,boundary,4750.000000,7.95824502e-06
pressure,boundary,4760.000000,1.36966126e-05
pressure,boundary,4770.000000,1.19285925e-05
pressure,boundary,4780.000000,1.17293291e-05
pressure,boundary,4790.000000,4.52003739e-05
pressure,boundary,4800.000000,9.88446469e-06
pressure,boundary,4810.000000,5.51569226e-05
pressure,boundary,4820.000000,1.04108438e-04
pressure,boundary,4830.000000,5.19958032e-05
pressure,boundary,4840.000000,2.55154129e-05
pressure,boundary,4850.000000,1.95926191e-05
pressure,boundary,4860.000000,1.10671112e-06
pressure,boundary,4870.000000,2.66816134e-05
pressure,boundary,4880.000000,4.03445752e-05
pressure,boundary,4890.000000,4.54815697e-05
pressure,boundary,4900.000000,2.12831465e-05
pressure,boundary,4910.000000,1.10613043e-07
pressure,boundary,4920.000000,2.05929719e-05
pressure,boundary,4930.000000,6.93152693e-05
pressure,boundary,4940.000000,1.18096426e-05
pressure,boundary,4950.000000,2.01254841e-05
pressure,boundary,4960.000000,7.05533607e-05
pressure,boundary,4970.000000,1.28678471e-05
pressure,boundary,4980.000000,1.71306091e-05
pressure,boundary,4990.000000,3.56564467e-05
pressure,boundary,5000.000000,1.22532319e-05
pressure,freestream,0.000000,1.03193625e-05
pressure,freestream,10.000000,3.03719525e-05
pressure,freestream,20.000000,9.77504537e-06
pressure,freestream,30.000000,4.50610062e-06
pressure,freestream,40.000000,1.26724802e-05
pressure,freestream,50.000000,2.56475542e-05
pressure,freestream,60.000000,2.21581352e-05
pressure,freestream,70.000000,6.17343526e-05
pressure,freestream,80.000000,3.64913824e-05
pressure,freestream,90.000000,7.00970646e-06
pressure,freestream,100.000000,4.69948004e-05
pressure,freestream,110.000000,3.04621248e-05
pressure,freestream,120.000000,5.70864822e-06
pressure,freestream,130.000000,2.04905002e-06
pressure,freestream,140.000000,1.68635744e-05
pressure,freestream,150.000000,3.39189610e-07
pressure,freestream,160.000000,3.88232943e-05
pressure,freestream,170.000000,5.50171762e-05
pressure,freestream,180.000000,4.15757596e-06
pressure,freestream,190.000000,9.83225252e-06
pressure,freestream,200.000000,2.76259771e-05
pressure,freestream,210.000000,1.23608851e-05
pressure,freestream,220.000000,1.51803819e-05
pressure,freestream,230.000000,4.64355632e-05
pressure,freestream,240.000000,2.89990601e-05
pressure,freestream,250.000000,8.21215782e-06
pressure,freestream,260.000000,3.15254035e-05
pressure,freestream,270.000000,2.13434188e-05
pressure,freestream,280.000000,2.45142635e-05
pressure,freestream,290.000000,5.37198712e-05
pressure,freestream,300.000000,2.14046269e-05
pressure,freestream,310.000000,2.40280411e-05
pressure,freestream,320.000000,1.66535066e-06
pressure,freestream,330.000000,2.43171399e-05
pressure,freestream,340.000000,5.91762798e-05
pressure,freestream,350.000000,3.12183519e-05
pressure,freestream,360.000000,1.90571872e-07
pressure,freestream,370.000000,3.56158784e-06
pressure,freestream,380.000000,1.91114696e-05
pressure,freestream,390.000000,1.97779697e-05
pressure,freestream,400.000000,1.80435848e-05
pressure,freestream,410.000000,6.44788191e-05
pressure,freestream,420.000000,4.23064324e-05
pressure,freestream,430.000000,1.25279498e-05
pressure,freestream,440.000000,1.68300066e-05
pressure,freestream,450.000000,2.64614602e-05
pressure,freestream,460.000000,4.18311397e-06
pressure,freestream,470.000000,3.41730158e-05
pressure,freestream,480.000000,3.53116662e-05
pressure,freestream,490.000000,4.19984782e-05
pressure,freestream,500.000000,7.12710248e-05
pressure,freestream,510.000000,2.44914611e-05
pressure,freestream,520.000000,2.02549686e-05
pressure,freestream,530.000000,7.16224310e-05
pressure,freestream,540.000000,6.71337959e-05
pressure,freestream,550.000000,3.16685033e-06
pressure,freestream,560.000000,7.36296438e-06
pressure,freestream,570.000000,4.96210600e-06
pressure,freestream,580.000000,6.68115327e-06
pressure,freestream,590.000000,2.81524562e-05
pressure,freestream,600.000000,2.89691786e-05
pressure,freestream,610.000000,2.88738909e-06
pressure,freestream,620.000000,2.21289041e-05
pressure,freestream,630.000000,1.93609307e-07
pressure,freestream,640.000000,5.36521063e-07
pressure,freestream,650.000000,3.18648774e-06
pressure,freestream,660.000000,2.07849642e-06
pressure,freestream,670.000000,1.89485676e-06
pressure,freestream,680.000000,1.00210176e-06
pressure,freestream,690.000000,1.90308575e-05
pressure,freestream,700.000000,2.27351283e-05
pressure,freestream,710.000000,1.36496634e-05
pressure,freestream,720.000000,1.75232193e-05
pressure,freestream,730.000000,1.70453334e-05
pressure,freestream,740.000000,2.66241349e-05
pressure,freestream,750.000000,6.40573468e-06
pressure,freestream,760.000000,6.38740993e-06
pressure,freestream,770.000000,1.52725947e-05
pressure,freestream,780.000000,1.49654623e-05
pressure,freestream,790.000000,5.76611074e-06
pressure,freestream,800.000000,7.83092462e-06
pressure,freestream,810.000000,4.10630609e-06
pressure,freestream,820.000000,2.21588300e-06
pressure,freestream,830.000000,9.32259060e-06
pressure,freestream,840.000000,3.07016975e-05
pressure,freestream,850.000000,4.66466695e-05
pressure,freestream,860.000000,2.68679572e-05
pressure,freestream,870.000000,1.35315064e-05
pressure,freestream,880.000000,7.52420258e-06
pressure,freestream,890.000000,7.06854757e-06
pressure,freestream,900.000000,3.13928430e-06
pressure,freestream,910.000000,7.51228088e-06
pressure,freestream,920.000000,2.19938929e-05
pressure,freestream,930.000000,2.26272970e-06
pressure,freestream,940.000000,1.68612383e-06
pressure,freestream,950.000000,3.13943210e-06
pressure,freestream,960.000000,1.01819999e-06
pressure,freestream,970.000000,2.38827478e-05
pressure,freestream,980.000000,5.82830563e-05
pressure,freestream,990.000000,1.04760385e-05
pressure,freestream,1000.000000,3.30761162e-06
pressure,freestream,1010.000000,4.29211938e-07
pressure,freestream,1020.000000,2.98463230e-06
pressure,freestream,1030.000000,6.22796292e-06
pressure,freestream,1040.000000,2.06146083e-06
pressure,freestream,1050.000000,8.40657155e-06
pressure,freestream,1060.000000,1.81090553e-06
pressure,freestream,1070.000000,4.71514258e-06
pressure,freestream,1080.000000,4.87540134e-06
pressure,freestream,1090.000000,3.74014742e-06
pressure,freestream,1100.000000,3.39586053e-06
pressure,freestream,1110.000000,3.40954989e-06
pressure,freestream,1120.000000,3.58100319e-05
pressure,freestream,1130.000000,3.75193588e-05
pressure,freestream,1140.000000,1.68114192e-05
pressure,freestream,1150.000000,4.01758905e-06
pressure,freestream,1160.000000,1.09045224e-06
pressure,freestream,1170.000000,3.18614384e-05
pressure,freestream,1180.000000,1.94231462e-05
pressure,freestream,1190.000000,6.83763310e-06
pressure,freestream,1200.000000,2.11644448e-05
pressure,freestream,1210.000000,3.25472759e-05
pressure,freestream,1220.000000,1.68775631e-05
pressure,freestream,1230.000000,9.73902901e-06
pressure,freestream,1240.000000,2.41474172e-06
pressure,freestream,1250.000000,1.89970757e-06
pressure,freestream,1260.000000,8.78675682e-06
pressure,freestream,1270.000000,9.09819724e-06
pressure,freestream,1280.000000,1.75748118e-05
pressure,freestream,1290.000000,2.09889690e-05
pressure,freestream,1300.000000,1.43113877e-05
pressure,freestream,1310.000000,2.63144663e-05
pressure,freestream,1320.000000,4.12323564e-05
pressure,freestream,1330.000000,1.44941584e-05
pressure,freestream,1340.000000,3.33489068e-06
pressure,freestream,1350.000000,5.68072740e-07
pressure,freestream,1360.000000,1.10800263e-05
pressure,freestream,1370.000000,3.13148908e-05
pressure,freestream,1380.000000,3.14834210e-05
pressure,freestream,1390.000000,1.07657309e-05
pressure,freestream,1400.000000,5.42622078e-06
pressure,freestream,1410.000000,9.89093050e-06
pressure,freestream,1420.000000,9.14483300e-06
pressure,freestream,1430.000000,1.07247384e-05
pressure,freestream,1440.000000,2.34052351e-05
pressure,freestream,1450.000000,2.35815586e-05
pressure,freestream,1460.000000,3.95451227e-05
pressure,freestream,1470.000000,2.17678755e-05
pressure,freestream,1480.000000,5.94199059e-06
pressure,freestream,1490.000000,1.27675741e-06
pressure,freestream,1500.000000,5.26861856e-06
pressure,freestream,1510.000000,1.66679650e-06
pressure,freestream,1520.000000,5.08973344e-07
pressure,freestream,1530.000000,5.17350682e-06
pressure,freestream,1540.000000,7.61148209e-06
pressure,freestream,1550.000000,4.33874929e-07
pressure,freestream,1560.000000,4.01397327e-07
pressure,freestream,1570.000000,1.55947339e-06
pressure,freestream,1580.000000,1.00011806e-05
pressure,freestream,1590.000000,3.59818723e-06
pressure,freestream,1600.000000,1.31228415e-05
pressure,freestream,1610.000000,6.49361454e-06
pressure,freestream,1620.000000,1.07994974e-05
pressure,freestream,1630.000000,1.68892068e-05
pressure,freestream,1640.000000,5.66132311e-06
pressure,freestream,1650.000000,1.77795206e-05
pressure,freestream,1660.000000,1.84959419e-05
pressure,freestream,1670.000000,1.29482591e-06
pressure,freestream,1680.000000,3.24788967e-06
pressure,freestream,1690.000000,5.18143358e-06
pressure,freestream,1700.000000,5.99138312e-06
pressure,freestream,1710.000000,3.15610179e-06
pressure,freestream,1720.000000,1.72539066e-05
pressure,freestream,1730.000000,4.73019570e-05
pressure,freestream,1740.000000,1.36944705e-05
pressure,freestream,1750.000000,8.65283361e-06
pressure,freestream,1760.000000,1.36491665e-05
pressure,freestream,1770.000000,1.23563608e-05
pressure,freestream,1780.000000,1.28037327e-05
pressure,freestream,1790.000000,5.33046995e-07
pressure,freestream,1800.000000,2.20758316e-05
pressure,freestream,1810.000000,1.85550809e-05
pressure,freestream,1820.000000,4.52897167e-06
pressure,freestream,1830.000000,2.12481060e-06
pressure,freestream,1840.000000,1.80846818e-06
pressure,freestream,1850.000000,7.67745700e-07
pressure,freestream,1860.000000,2.79249952e-06
pressure,freestream,1870.000000,5.16641991e-06
pressure,freestream,1880.000000,2.68668950e-05
pressure,freestream,1890.000000,2.10123901e-05
pressure,freestream,1900.000000,1.94636783e-06
pressure,freestream,1910.000000,1.16198422e-05
pressure,freestream,1920.000000,3.99840025e-06
pressure,freestream,1930.000000,4.67152600e-06
pressure,freestream,1940.000000,1.11613531e-06
pressure,freestream,1950.000000,1.22394974e-05
pressure,freestream,1960.000000,1.88295681e-05
pressure,freestream,1970.000000,7.82108784e-06
pressure,freestream,1980.000000,2.76537613e-05
pressure,freestream,1990.000000,2.42943223e-05
pressure,freestream,2000.000000,2.21756742e-05
pressure,freestream,2010.000000,1.54610883e-05
pressure,freestream,2020.000000,1.30043091e-07
pressure,freestream,2030.000000,6.95289755e-06
pressure,freestream,2040.000000,6.64569273e-06
pressure,freestream,2050.000000,1.43847083e-05
pressure,freestream,2060.000000,6.59754426e-06
pressure,freestream,2070.000000,1.95884805e-06
pressure,freestream,2080.000000,1.23919931e-05
pressure,freestream,2090.000000,1.34277938e-05
pressure,freestream,2100.000000,1.55401992e-05
pressure,freestream,2110.000000,2.61008946e-05
pressure,freestream,2120.000000,1.00872348e-05
pressure,freestream,2130.000000,2.80017472e-06
pressure,freestream,2140.000000,1.63098947e-05
pressure,freestream,2150.000000,2.27778010e-05
pressure,freestream,2160.000000,1.50175618e-05
pressure,freestream,2170.000000,3.91867638e-06
pressure,freestream,2180.000000,1.28207738e-05
pressure,freestream,2190.000000,1.26986657e-05
pressure,freestream,2200.000000,5.73175574e-06
pressure,freestream,2210.000000,6.32391876e-06
pressure,freestream,2220.000000,1.00751678e-05
pressure,freestream,2230.000000,1.89057508e-05
pressure,freestream,2240.000000,1.32807714e-05
pressure,freestream,2250.000000,4.73827759e-07
pressure,freestream,2260.000000,2.66505432e-06
pressure,freestream,2270.000000,1.67571722e-06
pressure,freestream,2280.000000,3.98848889e-07
pressure,freestream,2290.000000,1.59364192e-06
pressure,freestream,2300.000000,1.03128626e-06
pressure,freestream,2310.000000,3.85310601e-06
pressure,freestream,2320.000000,1.36212692e-05
pressure,freestream,2330.000000,5.47361916e-06
pressure,freestream,2340.000000,1.42471674e-05
pressure,freestream,2350.000000,1.09356876e-05
pressure,freestream,2360.000000,1.01013339e-06
pressure,freestream,2370.000000,3.64522679e-06
pressure,freestream,2380.000000,5.75331610e-06
pressure,freestream,2390.000000,9.32905471e-07
pressure,freestream,2400.000000,3.65591211e-06
pressure,freestream,2410.000000,1.74498055e-06
pressure,freestream,2420.000000,4.91442643e-06
pressure,freestream,2430.000000,1.19759568e-05
pressure,freestream,2440.000000,2.24011302e-05
pressure,freestream,2450.000000,7.68704547e-07
pressure,freestream,2460.000000,4.54444900e-06
pressure,freestream,2470.000000,1.02785333e-05
pressure,freestream,2480.000000,2.60705492e-05
pressure,freestream,2490.000000,6.09610090e-06
pressure,freestream,2500.000000,1.15006740e-05
pressure,freestream,2510.000000,2.37789345e-05
pressure,freestream,2520.000000,2.75922003e-05
pressure,freestream,2530.000000,1.50183610e-05
pressure,freestream,2540.000000,1.46755033e-05
pressure,freestream,2550.000000,2.20315576e-05
pressure,freestream,2560.000000,2.90772488e-05
pressure,freestream,2570.000000,1.84526231e-05
pressure,freestream,2580.000000,7.24447190e-06
pressure,freestream,2590.000000,1.16048294e-05
pressure,freestream,2600.000000,1.29986569e-05
pressure,freestream,2610.000000,2.16349457e-05
pressure,freestream,2620.000000,5.49353091e-06
pressure,freestream,2630.000000,9.24406971e-06
pressure,freestream,2640.000000,2.78883971e-05
pressure,freestream,2650.000000,1.46798807e-05
pressure,freestream,2660.000000,2.04689458e-05
pressure,freestream,2670.000000,3.12010360e-06
pressure,freestream,2680.000000,2.08514657e-05
pressure,freestream,2690.000000,3.80531439e-05
pressure,freestream,2700.000000,4.00813471e-05
pressure,freestream,2710.000000,1.60235002e-05
pressure,freestream,2720.000000,6.23518388e-06
pressure,freestream,2730.000000,1.34735942e-06
pressure,freestream,2740.000000,6.59985079e-07
pressure,freestream,2750.000000,1.40077616e-06
pressure,freestream,2760.000000,2.97127831e-07
pressure,freestream,2770.000000,4.79772839e-06
pressure,freestream,2780.000000,1.20045265e-05
pressure,freestream,2790.000000,1.54216254e-06
pressure,freestream,2800.000000,6.99690139e-06
pressure,freestream,2810.000000,8.00206316e-06
pressure,freestream,2820.000000,6.80975968e-06
pressure,freestream,2830.000000,1.22434992e-05
pressure,freestream,2840.000000,7.98349249e-06
pressure,freestream,2850.000000,3.36320533e-06
pressure,freestream,2860.000000,4.38495970e-06
pressure,freestream,2870.000000,4.78462255e-06
pressure,freestream,2880.000000,5.47418027e-06
pressure,freestream,2890.000000,1.53813523e-06
pressure,freestream,2900.000000,6.69622324e-07
pressure,freestream,2910.000000,6.11536083e-06
pressure,freestream,2920.000000,9.42315366e-06
pressure,freestream,2930.000000,4.98645546e-06
pressure,freestream,2940.000000,1.10879621e-06
pressure,freestream,2950.000000,1.27969090e-05
pressure,freestream,2960.000000,1.49674428e-05
pressure,freestream,2970.000000,1.72997811e-06
pressure,freestream,2980.000000,1.82589022e-07
pressure,freestream,2990.000000,3.94352283e-06
pressure,freestream,3000.000000,1.35417690e-05
pressure,freestream,3010.000000,9.81563852e-06
pressure,freestream,3020.000000,1.31253974e-06
pressure,freestream,3030.000000,5.00166403e-06
pressure,freestream,3040.000000,4.63176353e-06
pressure,freestream,3050.000000,3.33413659e-06
pressure,freestream,3060.000000,2.85924485e-06
pressure,freestream,3070.000000,6.95259218e-06
pressure,freestream,3080.000000,8.58008928e-07
pressure,freestream,3090.000000,8.22253880e-06
pressure,freestream,3100.000000,1.74047981e-05
pressure,freestream,3110.000000,1.68057311e-05
pressure,freestream,3120.000000,7.01001122e-06
pressure,freestream,3130.000000,1.03740909e-05
pressure,freestream,3140.000000,5.40674339e-06
pressure,freestream,3150.000000,6.67003541e-07
pressure,freestream,3160.000000,1.24908285e-06
pressure,freestream,3170.000000,5.45823470e-07
pressure,freestream,3180.000000,2.19942477e-05
pressure,freestream,3190.000000,4.96492762e-05
pressure,freestream,3200.000000,2.10203108e-05
pressure,freestream,3210.000000,5.33567903e-06
pressure,freestream,3220.000000,1.49262129e-06
pressure,freestream,3230.000000,7.05564075e-06
pressure,freestream,3240.000000,3.53323346e-06
pressure,freestream,3250.000000,4.97805413e-06
pressure,freestream,3260.000000,1.45421500e-06
pressure,freestream,3270.000000,5.45866347e-06
pressure,freestream,3280.000000,1.29077056e-05
pressure,freestream,3290.000000,1.21680552e-05
pressure,freestream,3300.000000,4.85254147e-06
pressure,freestream,3310.000000,1.27269034e-06
pressure,freestream,3320.000000,1.76921358e-06
pressure,freestream,3330.000000,7.63338028e-06
pressure,freestream,3340.000000,7.04861569e-06
pressure,freestream,3350.000000,5.21501422e-06
pressure,freestream,3360.000000,2.29110808e-05
pressure,freestream,3370.000000,1.59928184e-05
pressure,freestream,3380.000000,1.40863591e-05
pressure,freestream,3390.000000,1.38023200e-06
pressure,freestream,3400.000000,1.54220957e-05
pressure,freestream,3410.000000,4.16429383e-06
pressure,freestream,3420.000000,3.64586563e-06
pressure,freestream,3430.000000,5.07795567e-06
pressure,freestream,3440.000000,1.07369078e-05
pressure,freestream,3450.000000,2.08939882e-05
pressure,freestream,3460.000000,1.72566305e-05
pressure,freestream,3470.000000,1.01330528e-05
pressure,freestream,3480.000000,1.10770744e-05
pressure,freestream,3490.000000,2.35439537e-05
pressure,freestream,3500.000000,2.82264651e-05
pressure,freestream,3510.000000,2.79234879e-05
pressure,freestream,3520.000000,3.04607981e-05
pressure,freestream,3530.000000,3.55628429e-06
pressure,freestream,3540.000000,1.15641373e-05
pressure,freestream,3550.000000,4.68726944e-06
pressure,freestream,3560.000000,6.14249272e-08
pressure,freestream,3570.000000,8.53853021e-07
pressure,freestream,3580.000000,8.34614303e-06
pressure,freestream,3590.000000,1.75701312e-05
pressure,freestream,3600.000000,2.56682050e-05
pressure,freestream,3610.000000,3.01358530e-05
pressure,freestream,3620.000000,1.50312388e-05
pressure,freestream,3630.000000,1.16332247e-05
pressure,freestream,3640.000000,1.60481349e-05
pressure,freestream,3650.000000,2.58176032e-05
pressure,freestream,3660.000000,1.80360353e-05
pressure,freestream,3670.000000,5.32701196e-06
pressure,freestream,3680.000000,9.79628203e-07
pressure,freestream,3690.000000,1.91296082e-06
pressure,freestream,3700.000000,1.50451753e-05
pressure,freestream,3710.000000,2.57326731e-05
pressure,freestream,3720.000000,6.17156306e-06
pressure,freestream,3730.000000,5.51958554e-07
pressure,freestream,3740.000000,9.02018185e-06
pressure,freestream,3750.000000,1.45773164e-05
pressure,freestream,3760.000000,2.17743445e-05
pressure,freestream,3770.000000,2.23630035e-05
pressure,freestream,3780.000000,3.75492855e-07
pressure,freestream,3790.000000,8.63249108e-06
pressure,freestream,3800.000000,2.17766312e-06
pressure,freestream,3810.000000,3.88175443e-05
pressure,freestream,3820.000000,4.42912621e-05
pressure,freestream,3830.000000,1.57551102e-05
pressure,freestream,3840.000000,1.66375264e-06
pressure,freestream,3850.000000,1.91082832e-05
pressure,freestream,3860.000000,3.10830351e-06
pressure,freestream,3870.000000,1.22542755e-05
pressure,freestream,3880.000000,1.82266821e-05
pressure,freestream,3890.000000,4.84207205e-05
pressure,freestream,3900.000000,3.87986449e-05
pressure,freestream,3910.000000,1.62304189e-05
pressure,freestream,3920.000000,6.48763368e-06
pressure,freestream,3930.000000,2.40720438e-06
pressure,freestream,3940.000000,2.31895470e-06
pressure,freestream,3950.000000,5.76144312e-06
pressure,freestream,3960.000000,2.46909356e-06
pressure,freestream,3970.000000,9.70040446e-06
pressure,freestream,3980.000000,5.74219784e-06
pressure,freestream,3990.000000,7.09796078e-06
pressure,freestream,4000.000000,2.71932896e-05
pressure,freestream,4010.000000,3.45502982e-05
pressure,freestream,4020.000000,1.25504931e-05
pressure,freestream,4030.000000,6.14853490e-06
pressure,freestream,4040.000000,1.93244702e-06
pressure,freestream,4050.000000,3.47149254e-06
pressure,freestream,4060.000000,3.59903252e-05
pressure,freestream,4070.000000,4.99857988e-05
pressure,freestream,4080.000000,2.78819807e-05
pressure,freestream,4090.000000,1.39319076e-05
pressure,freestream,4100.000000,1.74748325e-06
pressure,freestream,4110.000000,1.22907866e-05
pressure,freestream,4120.000000,1.01610247e-05
pressure,freestream,4130.000000,2.39114490e-06
pressure,freestream,4140.000000,5.87520283e-06
pressure,freestream,4150.000000,3.60668783e-06
pressure,freestream,4160.000000,9.22282804e-07
pressure,freestream,4170.000000,9.17654336e-06
pressure,freestream,4180.000000,2.91431521e-05
pressure,freestream,4190.000000,7.64088923e-06
pressure,freestream,4200.000000,7.41468846e-06
pressure,freestream,4210.000000,3.41809954e-05
pressure,freestream,4220.000000,1.80980098e-05
pressure,freestream,4230.000000,4.94742290e-06
pressure,freestream,4240.000000,2.54685082e-05
pressure,freestream,4250.000000,1.50390809e-05
pressure,freestream,4260.000000,4.33822608e-06
pressure,freestream,4270.000000,1.56822717e-05
pressure,freestream,4280.000000,3.12685329e-05
pressure,freestream,4290.000000,2.16078441e-05
pressure,freestream,4300.000000,2.72768689e-06
pressure,freestream,4310.000000,2.63013441e-05
pressure,freestream,4320.000000,1.82496113e-05
pressure,freestream,4330.000000,9.79321750e-06
pressure,freestream,4340.000000,2.92617738e-06
pressure,freestream,4350.000000,3.18748806e-06
pressure,freestream,4360.000000,2.79202864e-06
pressure,freestream,4370.000000,1.23415394e-06
pressure,freestream,4380.000000,6.32409684e-07
pressure,freestream,4390.000000,9.03075143e-06
pressure,freestream,4400.000000,8.24902511e-06
pressure,freestream,4410.000000,3.89863039e-06
pressure,freestream,4420.000000,1.41926489e-05
pressure,freestream,4430.000000,5.92410631e-06
pressure,freestream,4440.000000,1.32329555e-06
pressure,freestream,4450.000000,1.55128150e-06
pressure,freestream,4460.000000,2.41520481e-06
pressure,freestream,4470.000000,1.21335704e-06
pressure,freestream,4480.000000,8.95846079e-06
pressure,freestream,4490.000000,2.18620963e-05
pressure,freestream,4500.000000,6.82701975e-06
pressure,freestream,4510.000000,3.28871908e-06
pressure,freestream,4520.000000,3.68924098e-06
pressure,freestream,4530.000000,2.03938608e-05
pressure,freestream,4540.000000,1.00539283e-05
pressure,freestream,4550.000000,2.36830188e-06
pressure,freestream,4560.000000,2.99449747e-06
pressure,freestream,4570.000000,4.11541364e-06
pressure,freestream,4580.000000,5.35464475e-06
pressure,freestream,4590.000000,9.47915552e-07
pressure,freestream,4600.000000,1.15073805e-06
pressure,freestream,4610.000000,1.02826287e-06
pressure,freestream,4620.000000,4.77833789e-06
pressure,freestream,4630.000000,1.29750554e-05
pressure,freestream,4640.000000,4.03689692e-05
pressure,freestream,4650.000000,2.27445374e-05
pressure,freestream,4660.000000,4.75053917e-06
pressure,freestream,4670.000000,1.91849635e-06
pressure,freestream,4680.000000,1.60451920e-07
pressure,freestream,4690.000000,4.37052418e-07
pressure,freestream,4700.000000,3.58844354e-06
pressure,freestream,4710.000000,6.78007866e-06
pressure,freestream,4720.000000,9.87288425e-07
pressure,freestream,4730.000000,6.66798950e-06
pressure,freestream,4740.000000,8.55276441e-06
pressure,freestream,4750.000000,2.51388949e-09
pressure,freestream,4760.000000,2.83559778e-06
pressure,freestream,4770.000000,7.01473706e-06
pressure,freestream,4780.000000,1.48158969e-05
pressure,freestream,4790.000000,4.87459155e-06
pressure,freestream,4800.000000,2.62112393e-06
pressure,freestream,4810.000000,4.39445885e-06
pressure,freestream,4820.000000,6.99642910e-07
pressure,freestream,4830.000000,6.26287604e-07
pressure,freestream,4840.000000,2.99577429e-06
pressure,freestream,4850.000000,3.42968452e-07
pressure,freestream,4860.000000,6.72062468e-09
pressure,freestream,4870.000000,5.54263053e-06
pressure,freestream,4880.000000,1.72614370e-05
pressure,freestream,4890.000000,1.52582710e-05
pressure,freestream,4900.000000,2.17762943e-06
pressure,freestream,4910.000000,1.18792387e-06
pressure,freestream,4920.000000,2.49304408e-06
pressure,freestream,4930.000000,4.74682880e-06
pressure,freestream,4940.000000,4.27595826e-06
pressure,freestream,4950.000000,3.78591664e-06
pressure,freestream,4960.000000,2.81812913e-07
pressure,freestream,4970.000000,6.58010440e-06
pressure,freestream,4980.000000,2.53969860e-05
pressure,freestream,4990.000000,1.93999546e-05
pressure,freestream,5000.000000,9.24033125e-06
